CODIGO;DESCRICAO;CODIGO TOP MANAGER;CATEGORIA;FAMILIA;NOMENCLATURA;;;;;;;;
TSR21004;CABINE TSR21004 CABINE DE SECCIONAMENTO 1000A 380 400V;;;DIVERSOS;CABINE TSR21004 CABINE DE SECCIONAMENTO 1000A 380 400V;;;;;;;;
SWC-G1R11001;PLACA ELETRONICA PARA CONTROLE E COMUTACAO AUTOMATICA ATS SWC-G1R11001;;;DIVERSOS;PLACA ELETRONICA PARA CONTROLE E COMUTACAO AUTOMATICA ATS SWC-G1R11001;;;;;;;;
SMI-48150A1F1;BATERIA DE LITIO SUNWODA 150AH SMI-48150A1F1;;PRODUTO;BATERIA;SMI-48150A1F1;;;;;;;;
RS6-555M-E3;MODULO SOLAR FOTOVOLTAICO RENESOLA 555WP P-TYPE MONOFACIAL (RS6- 555M-E3;;PRODUTO;KIT SOLAR - PLACA SOLAR;MODULO SOLAR FOTOVOLTAICO RENESOLA 555WP P-TYPE MONOFACIAL (RS6- 555M-E3;;;;;;;;
RS560S8-144;MODULO SOLAR FOTOVOLTAICO RUNDA 560WP P-TYPE MONOFACIAL (RS560S8-144);;PRODUTO;PLACA SOLAR;;;;;;;;;
QNM182-HS555-72;MODULO SOLAR QNM182-HS555-72;;PRODUTO;KIT SOLAR - PLACA SOLAR;MODULO SOLAR QNM182-HS555-72;;;;;;;;
PSD300R51001;MODULO DE COMUNICACAO (DONGLE) WI-SUN P/ INVER. LIVOLTEK,INTERFACE;;;;;;;;;;;;
PSD300R21001;MODULO DE COMUNICACAO PARA TRANSMISSAO E RECEPCAO DE DADOS PSD300R21001.;;;DIVERSOS - MODULO DE COMUNICACAO;PSD300R21001.;;;;;;;;
PSD200R21001;MODULO WLAN - WIFI + BLUETOOTH, 2.4GHZ 802.11B/G/N. TENSAO DE FUNCIONAMENTO 5V - (PSD200-F1);;;DIVERSOS - MODULO DE COMUNICACAO;MODULO WLAN - WIFI + BLUETOOTH, 2.4GHZ 802.11B/G/N. TENSAO DE FUNCIONAMENTO 5V - (PSD200-F1;;;;;;;;
PSD1000R11001;MODULO DE COMUNICACAO PARA TRANSMISSAO E RECEPCAO DE DADOS EM REDES SEM FIO (WLAN) PSD1000R11001;;;DIVERSOS - MODULO DE COMUNICACAO;PSD1000R11001;;;;;;;;
PCS-125KG1R21001;CONVERSOR 125KW 125KW 380VCA IP66 EFICIENCIA ATE 99% OPERACAO -30°C A 60°C;;;DIVERSOS;CONVERSOR 125KW 125KW 380VCA IP66 EFICIENCIA ATE 99% OPERACAO -30°C A 60°C;;;;;;;;
MXNTL4ANW53NNS3BESUN;RADIO 330-406MHZ FREQ.LICENCIADA, TX DE TRANSM.ATE 100MBIT/S, (WIFI) GE, MCR (MXNTL4ANW53NNS3BESUNN);;;;;;;;;;;;
MT00000021;CINTA POSTE CIRCULAR ACO GALVANIZADO 280MM;;;;;;;;;;;;
MT00000020;CINTA POSTE CIRCULAR ACO GALVANIZADO 260MM;;;;;;;;;;;;
MT00000019;CINTA POSTE CIRCULAR ACO GALVANIZADO 240MM;;;;;;;;;;;;
MCPOLER102;PEDESTAL LIVOLTEK CCS2 DE UM PLUG PARA EQUIPAMENTOS MOTION COMPACT 1 PLUG 370*722*330MM;;PRODUTO;CARREGADOR - PEDESTAL;PEDESTAL CCS2 DE UM PLUG PARA EQUIPAMENTOS MOTION COMPACT 1 PLUG 370*722*330MM;;;;;;;;
MCPOLER101;PEDESTAL LIVOLTEK CCS2 DE DOIS PLUGS PARA EQUIPAMENTOS MOTION COMPACT 2 PLUGS 370*722*330MM;;PRODUTO;CARREGADOR - PEDESTAL;PEDESTAL CCS2 DE DOIS PLUGS PARA EQUIPAMENTOS MOTION COMPACT 2 PLUGS 370*722*330MM;;;;;;;;
MC00000155;FITA AUTOADESIVA DO TIPO ETIQUETA - JOINT STOCK TAPE - EM CORTES QUADR;;;;;;;;;;;;
MC00000154;MARCADOR DE TINTA, COM PONTA DE FELTRO - 2,2-2,8 MM;;;;;;;;;;;;
M24010E2EYGIR11003;CARREGADOR VEICULAR | LIVOLTEK | CC 30KW | MC | 100A | 1XCCS2 | WALL-MOUNT | 4G (LATAM) | PPOS;;PRODUTO;CARREGADOR 240kW;CARREGADOR VEICULAR | LIVOLTEK | CC 30KW | MC | 100A | 1XCCS2 | WALL-MOUNT | 4G (LATAM) | PPOS;;;;;;;;
M18010E2EYFIR11003;CARREGADOR VEICULAR | LIVOLTEK | CC 180KW | MF | 300A | 2XCCS2 | GESTAO DE CABOS | 4G (LATAM) | PPOS | ACE30;108190;PRODUTO;CARREGADOR 180kW;CARREGADOR VEICULAR | LIVOLTEK | CC 180KW | MF | 300A | 2XCCS2 | GESTAO DE CABOS | 4G (LATAM) | PPOS | ACE30;;;;;;;;
M16010E2GYGHR11001;CARREGADOR VEICULAR | CC 160KW | MSF | 300A | 2XGB/T | RFID | ETH | 4G | LIVOLTEK;;PRODUTO;CARREGADOR 160kW;CARREGADOR VEICULAR | CC 160KW | MSF | 300A | 2XGB/T | RFID | ETH | 4G | LIVOLTEK;;;;;;;;
M1201000E2EYR11001;CARREGADOR VEICULAR | LIVOLTEK | CC 120KW | MF | 250A | 2XCCS2 | GESTAO DE CABOS | MCCB/RCD;;PRODUTO;CARREGADOR 120kW;CARREGADOR VEICULAR | LIVOLTEK | CC 120KW | MF | 250A | 2XCCS2 | GESTAO DE CABOS | MCCB/RCD;;;;;;;;
M1201000E2EYR10001M;GABINETE DE CONVERSOR ESTATICO CA/CC TIPO UNIDADE DE ABASTECIMENTO VEICULAR MFDC 120KW;;MATERIA-PRIMA;CARREGADOR 120kW;GABINETE DE CONVERSOR ESTATICO CA/CC TIPO UNIDADE DE ABASTECIMENTO VEICULAR MFDC 120KW;;;;;;;;
M0601000E2EYR11001;CARREGADOR VEICULAR | LIVOLTEK | CC 60KW | MF | 200A | 2XCCS2 | GESTAO DE CABOS | MCCB/RCD;;PRODUTO;CARREGADOR 60kW;;;;;;;;;
LHPE72JR11001;MEDIDOR ELETRONICO TRIFASICO DE ENERGIA LHPE72J 220 V ATE 10000 IMP/KWH;;;DIVERSOS - MEDIDOR DE ENERGIA;MEDIDOR ELETRONICO TRIFASICO DE ENERGIA LHPE72J 220 V ATE 10000 IMP/KWH;;;;;;;;
LHECCHR11001;DISTRIBUIDOR DE CONEXOES PARA REDES (HUBS), BALANCEADOR DINAMICO LIVOLTEK DLB EV HUB (LHECCHR11001);;;DIVERSOS - MEDIDOR DE ENERGIA;LHECCHR11001;;;;;;;;
LHE34DRR12008;CONTADOR DE ELETRICIDADE INDIRETO TRIF. PARA INSTALACAO EM TRILHO MEDICAO COM TC DE 10A (LHE34DRR12008);;;DIVERSOS - MEDIDOR DE ENERGIA;LHE34DRR12008);;;;;;;;
LHE34DRR11002;MEDIDOR DE ENERGIA (CONTADOR DE ELETRICIDADE) TRIFASICO PARA CORRENTE ALTERNADA, SMART METER DIGITAL MODELO LHE34DR;;;DIVERSOS - MEDIDOR DE ENERGIA;LHE34DR;;;;;;;;
LHE34DRR11001;MEDIDOR DE ENERGIA (CONTADOR DE ELETRICIDADE) TRIFASICO, DIGITAL, LHE34DRR11001.;;;DIVERSOS - MEDIDOR DE ENERGIA;LHE34DRR11001;;;;;;;;
LHE12DRR12001;MEDIDOR INTELIGENTE (CONTADOR DE ELETRICIDADE) LHE12DR (LHE12DRR12001);;;DIVERSOS - MEDIDOR DE ENERGIA;LHE12DRR12001;;;;;;;;
KIT-RDNT-V01;PLACAS MONTADAS P/ MODULACAO CHAVEADORA REDUNDANTE P70, PARA ANTENAS PROPRIAS P/ RADIO(KIT-RDNT-V01);;;;;;;;;;;;
JKM555M-72HL4;MODULO SOLAR FOTOVOLTAICO JINKO TIGER PRO 72HC 555WP P-TYPE MONOFACIAL (JKM555M-72HL4-V);;PRODUTO;KIT SOLAR - PLACA SOLAR;MODULO SOLAR FOTOVOLTAICO JINKO TIGER PRO 72HC 555WP P-TYPE MONOFACIAL (JKM555M-72HL4-V);;;;;;;;
HYPER-5000R31005;INVERSORES PARA SISTEMAS FOTOVOLTAICOS, TIPO STRING, PARA REDE MONOFASICA, COM POTENCIA NOMINAL DE SAIDA DE 5.000W;;PRODUTO;INVERSOR;;;;;;;;;
HYPER-5000R12001;HYPER-5000 - INVERSOR FOTOVOLTAICO DA MARCA LIVOLTEK, MODELO HYPER-5000 MONOFASICO;;PRODUTO;INVERSOR;;;;;;;;;
HYPER-5000R12000;HYPER-5000 - INVERSOR FOTOVOLTAICO DA MARCA LIVOLTEK, MODELO HYPER-5000 MONOFASICO;;PRODUTO;INVERSOR;;;;;;;;;
HYPER-3000R11001;HYPER-3000 - INVERSOR FOTOVOLTAICO DA MARCA LIVOLTEK, MODELO HYPER-3000 MONOFASICO;;PRODUTO;INVERSOR;;;;;;;;;
HXEM100R10003;GERENCIADOR DE ARMAZENAMENTO DE ENERGIA IEMS 2000 HXEM100;;;DIVERSOS;GERENCIADOR DE ARMAZENAMENTO DE ENERGIA IEMS 2000 HXEM100;;;;;;;;
HXEM100.R100;IEMS 2000 HXEM100;;;;;;;;;;;;
HXEDE081R10001;MONITOR DE ENERGIA ELETRICA HXEDE081;;;DIVERSOS;MONITOR DE ENERGIA ELETRICA HXEDE081;;;;;;;;
HXD822.R210;MODULO DE COMUNICACAO GATEWAY - BIFROST.CG-G2 HXD822 - (HXD822.R210);;;;;;;;;;;;
HXD811-38 (61616);CHAVE TRIFASICA HXD811 38KV/800A INTERRUP. A VACUO E ATUADOR MAGNETICO;;;;;;;;;;;;
HXCB20R02101;AC STRING BOX HXDB50-3P 50A;;PRODUTO;STRING BOX;AC STRING BOX HXDB50-3P 50A;;;;;;;;
HXCB20R02003;AC STRING BOX HXDB63-2P 63A;;PRODUTO;STRING BOX;AC STRING BOX HXDB63-2P 63A;;;;;;;;
HXCB20R02002;AC STRING BOX HXDB40-2P 40A;;PRODUTO;STRING BOX;AC STRING BOX HXDB40-2P 40A;;;;;;;;
HXCB20R02001;AC STRING BOX HXDB20-2P 20A;;PRODUTO;STRING BOX;AC STRING BOX HXDB20-2P 20A;;;;;;;;
HXCB10R02104;DC STRING BOX HXCB06-2/2 600V 40A WITHOUT MCB;;PRODUTO;STRING BOX;DC STRING BOX HXCB06-2/2 600V 40A WITHOUT MCB;;;;;;;;
HXCB10R02103;DC STRING BOX HXCB06-1/1 600V 40A WITHOUT MCB;;PRODUTO;STRING BOX;DC STRING BOX HXCB06-1/1 600V 40A WITHOUT MCB;;;;;;;;
HXCB10R02102;DC STRING BOX HXCB10-2/2 1000V 40A WITHOUT MCB;;PRODUTO;STRING BOX;DC STRING BOX HXCB10-2/2 1000V 40A WITHOUT MCB;;;;;;;;
HXCB10R02101;DC STRING BOX HXCB10-1/1 1000V 40A WITHOUT MCB;;PRODUTO;STRING BOX;DC STRING BOX HXCB10-1/1 1000V 40A WITHOUT MCB;;;;;;;;
HXB8021Z.R310(1P3W);PLACA DE CIRCUITO IMPRESSO C/ COMPONENTES ELET. MONTADOS P/ MEDID. DE ENERGIA ELETRICA ZEUS NG 8021 1P3W C/ SU CIU RELE;;;;;;;;;;;;
HXAP1000R21100;MODULO DE COMUNICACAO WISUN HXAP1000;;;;;;;;;;;;
HP3-25KT2R11002;INVERSOR HIBRIDO TRIFASICO HP3 -25KT2 380V AFCI;;PRODUTO;INVERSOR HP3;HP3-25KT2R11002;;;;;;;;
HP1-7K5S2MR11001;INVERSORES PARA SISTEMAS FOTOVOLTAICOS HIBRIDO MONOFASICO 7,5KW 220V 2 MPPT AFCI - HP1-7K5S2M;;PRODUTO;INVERSOR HP1;HP1-7K5S2M;;;;;;;;
HP1-3KS2R11001;INVERSORES PARA SISTEMAS FOTOVOLTAICOS HIBRIDO MONOFASICO 3KW 127V 2 MPPT AFCI;;PRODUTO;INVERSOR HP1;HP1-3KS2R11001;;;;;;;;
HP1-3KL2R11001;INVERSOR HIBRIDO MONOFASICO 3KW 127V 2 MPPT AFCI -HP1-3KL2;;PRODUTO;INVERSOR HP1;HP1-3KL2;;;;;;;;
HP1-1K5S2R11001;INVERSOR HIBRIDO MONOFASICO 1,5KW 220V 1 MPPT AFCI - HP1-1K5S2;;PRODUTO;INVERSOR HP1;HP1-1K5S2;;;;;;;;
HP1-1K5L2R11001;INVERSOR HIBRIDO MONOFASICO 1,5KW 127V 1 MPPT AFCI -HP1-1K5L2;;PRODUTO;INVERSOR HP1;HP1-1K5L2;;;;;;;;
GT3-75KL1R11002;INVERSOR ON-GRID TRIFASICO GT3 -75KL1 220V AFCI;;PRODUTO;INVERSOR - GT3;GT3 -75KL1 220V AFCI;;;;;;;;
GT3-75KL11R11002;INVERSOR ON-GRID TRIFASICO 75KW 220V 6 MPPT AFCI - GT3-75KL11-2;;PRODUTO;INVERSOR - GT3;GT3-75KL11-2;;;;;;;;
GT3-75K-11R11002;INVERSOR ON-GRID TRIFASICO 75KW 380V 6 MPPT AFCI - GT3-75K-11-2;;PRODUTO;INVERSOR - GT3;GT3-75K-11-2;;;;;;;;
GT3-60KW00101;INVERSOR ON-GRID TRIFASICO 4MPPT, 380V, COR BRANCO, LIVOLTEK, MODELO GT3-60K;;PRODUTO;INVERSOR - GT3;GT3-60K;;;;;;;;
GT3-60KQ1R11002;INVERSOR TRIFASICO 380V ON-GRID GT3-60KQ1 AFCI;;PRODUTO;INVERSOR - GT3;GT3-60KQ1 AFCI;;;;;;;;
GT3-60KQ1R11001;INVERSOR TRIFASICO ON-GRID GT3-60KQ1 (GT3-60KQ1R11001);;PRODUTO;INVERSOR - GT3;GT3-60KQ1R11001;;;;;;;;
GT3-60KL11R11002;INVERSOR ON-GRID TRIFASICO 60KW 220V 6 MPPT AFCI - GT3-60KL11-2;;PRODUTO;INVERSOR - GT3;GT3-60KL11-2;;;;;;;;
GT3-50KQ1R11002;INVERSOR TRIFASICO 380V ON-GRID GT3-50KQ1 AFCI;;PRODUTO;INVERSOR - GT3;GT3-50KQ1 AFCI;;;;;;;;
GT3-50KL11R11002;INVERSOR ON-GRID TRIFASICO 50KW 220V 4 MPPT AFCI - GT3-50KL11;;PRODUTO;INVERSOR - GT3;GT3-50KL11;;;;;;;;
GT3-50KD;INVERSOR FOTOVOLTAICO MODELO GT3-50K-D;;PRODUTO;INVERSOR - GT3;;;;;;;;;
GT3-37K5T1R11002;INVERSOR ON-GRID TRIFASICO 37,5KW 380V 3 MPPT AFCI - GT3-37K5T1;;PRODUTO;INVERSOR - GT3;GT3-37K5T1;;;;;;;;
GT3-37K5Q1R11002;INVERSOR TRIFASICO 380V ON-GRID GT3-37K5Q AFCI;;PRODUTO;INVERSOR - GT3;GT3-37K5Q AFCI;;;;;;;;
GT3-30KTL1R11002;INVERSOR ON-GRID TRIFASICO 30KW 380V 2 MPPT AFCI - GT3-30KD1-2;;PRODUTO;INVERSOR - GT3;GT3-30KD1-2;;;;;;;;
GT3-30KT1R11002;INVERSOR TRIFASICO 380V ON-GRID GT3-30KT1 AFCI.;;PRODUTO;INVERSOR - GT3;GT3-30KT1 AFCI.;;;;;;;;
GT3-30KQL1R11002;INVERSOR TRIFASICO 220V ON-GRID GT3-30KQL1 AFCI;;PRODUTO;INVERSOR - GT3;GT3-30KQL1 AFCI;;;;;;;;
GT3-30KD1R11002;INVERSOR ON-GRID TRIFASICO 30KW 220V 3 MPPT AFCI - GT3-30KTL1-2;;PRODUTO;INVERSOR - GT3;GT3-30KTL1-2;;;;;;;;
GT3-30K-D;INVERSOR ON-GRID TRIFASICO 2MPPT, 380V, COR BRANCO, LIVOLTEK, MODELO GT3-30K-D;;PRODUTO;INVERSOR - GT3;;;;;;;;;
GT3-25KL-TW11001;INVERSOR ON-GRID TRIFASICO GT3 -25KL-T 220V (GT3-25KL-TW11001);;PRODUTO;INVERSOR - GT3;GT3-25KL-TW11001;;;;;;;;
GT3-25K-DW00101;INVERSOR ON-GRID TRIFASICO 2MPPT, 380V, COR BRANCO, LIVOLTEK, MODELO GT3-25K-D;;PRODUTO;INVERSOR - GT3;GT3-25K-D;;;;;;;;
GT3-25KD1R11008;INVERSORES PARA SISTEMAS FOTOVOLTAICOS ON-GRID GT3 - 25KD1R11008;105652;PRODUTO;INVERSOR - GT3;GT3 - 25KD1R11008;;;;;;;;
GT3-25KD1R11006;INVERSORES PARA SISTEMAS FOTOVOLTAICOS (GT3-25KD1R11006);;PRODUTO;INVERSOR - GT3;GT3-25KD1R11006;;;;;;;;
GT3-25KD1R11001;INVERSOR ON-GRID LIVOLTEK GT3-25KD1.;;PRODUTO;INVERSOR - GT3;GT3-25KD1;;;;;;;;
GT3-25K-D;INVERSOR ON-GRID TRIFASICO 2MPPT, 380V, COR BRANCO, LIVOLTEK, MODELO GT3-25K-D;;PRODUTO;INVERSOR - GT3;;;;;;;;;
GT3-250K-DW;INVERSOR ON-GRID LIVOLTEK GT3-250K;;PRODUTO;INVERSOR - GT3;;;;;;;;;
GT3-22K-DW00101;INVERSOR FOTOVOLTAICO MODELO GT3-22K-D;;PRODUTO;INVERSOR - GT3;GT3-22K-D;;;;;;;;
GT3-20KTL1R11002;INVERSOR TRIFASICO 220V ON-GRID GT3-20KTL1 AFCI;;PRODUTO;INVERSOR - GT3;GT3-20KTL1 AFCI;;;;;;;;
GT3-20KL-TW11001;INVERSOR ON-GRID TRIFASICO GT3 -20KL-T 220V (GT3-20KL-TW11001);;PRODUTO;INVERSOR - GT3;GT3 -20KL-T 220V (GT3-20KL-TW11001);;;;;;;;
GT3-20KD1R11008;INVERSORES PARA SISTEMAS FOTOVOLTAICOS ON-GRID GT3-20KD1R11008;104926;PRODUTO;INVERSOR - GT3;GT3-20KD1R11008;;;;;;;;
104926M;Matéria-Prima - GT3-20KD1R11008;104926;MATERIA-PRIMA;INVERSOR - GT3;GT3-20KD1R11008 (MATÉRIA-PRIMA);;;;;;;;
GT3-20KD1R11006;INVERSORES PARA SISTEMAS FOTOVOLTAICOS (GT3-20KD1R11006);;PRODUTO;INVERSOR - GT3;GT3-20KD1R11006;;;;;;;;
GT3-20KD1R11001;INVERSOR FOTOVOLTAICO MODELO GT3 -20KD1;;PRODUTO;INVERSOR - GT3;GT3 -20KD1;;;;;;;;
GT3-15KTL1R11002;INVERSOR TRIFASICO 220V ON-GRID GT3-15KTL1 AFCI;;PRODUTO;INVERSOR - GT3;;;;;;;;;
GT3-15KDL1R11002;INVERSOR ON-GRID TRIFASICO 15KW 220V 2 MPPT AFCI - GT3-15KDL1-2;;PRODUTO;INVERSOR - GT3;GT3-15KDL1-2;;;;;;;;
GT3-15KD1R11008;INVERSORES PARA SISTEMAS FOTOVOLTAICOS GT3-15KD1R11008;105649;PRODUTO;INVERSOR - GT3;GT3-15KD1R11008;;;;;;;;
105649M;MATÉRIA-PRIMA - GT3-15KD1R11008;105649;MATERIA-PRIMA;INVERSOR - GT3;GT3-15KD1R11008 (MATÉRIA-PRIMA);;;;;;;;
GT3-15KD1R11008;INVERSORES PARA SISTEMAS FOTOVOLTAICOS GT3-15KD1R11008;;PRODUTO;INVERSOR - GT3;;;;;;;;;
GT3-15KD1R11001;INVERSOR FOTOVOLTAICO MODELO GT3-15KD1;;PRODUTO;INVERSOR - GT3;GT3-15KD1;;;;;;;;
GT3-12KD1R11001;INVERSOR TRIFASICO 380V ON-GRID GT3-12KD1;;PRODUTO;INVERSOR - GT3;;;;;;;;;
GT3-125K-1R11101;LIVOLTEK, GRID-TIED INVERTER, 380VAC, 125KW, 10MPPT,SHELL MACHINE;;PRODUTO;INVERSOR;;;;;;;;;
GT3-125K-1R11002;INVERSOR ON-GRID TRIFASICO GT3 -125K-1 380V AFCI;;PRODUTO;INVERSOR - GT3;GT3 -125K-1 380V AFCI;;;;;;;;
GT3-110K-1R11002;INVERSOR ON-GRID TRIFASICO GT3 -110K-1 380V AFCI;;PRODUTO;INVERSOR - GT3;GT3 -110K-1 380V AFCI;;;;;;;;
GT3-100K-1R11002;INVERSOR ON-GRID TRIFASICO GT3 -100K-1 380V AFCI;;PRODUTO;INVERSOR - GT3;GT3 -100K-1 380V AFCI;;;;;;;;
GT1-8KT2R11004;INVERSOR ON-GRID MONOFÁSICO 8KW 220V 3MPPT GT1-8KT2R11004;105604;PRODUTO;INVERSOR - GT1;GT1-8KT2R11004;;;;;;;;
GT1-8KT2R11003;INVERSORES PARA SISTEMAS FOTOVOLTAICOS GT1- 8KT2R11003;;PRODUTO;INVERSOR - GT1;;;;;;;;;
GT1-8KT1R11001;INVERSOR FOTOVOLTAICO MODELO GT1-8KT1;;PRODUTO;INVERSOR - GT1;GT1-8KT1;;;;;;;;
GT1-8K-D;INVERSOR FOTOVOLTAICO GT1-8K-D;;PRODUTO;INVERSOR - GT1;;;;;;;;;
GT1-7K5T2R11002;INVERSOR ON-GRID MONOFASICO GT1-7K5T2R11002 (GT1-7K5T2R11002);105420;PRODUTO;INVERSOR - GT1;GT1-7K5T2R11002 (GT1-7K5T2R11002);;;;;;;;
GT1-6KD2R11008;INVERSORES PARA SISTEMAS FOTOVOLTAICOS GT1-6KD2R11008;104938;PRODUTO;INVERSOR - GT1;GT1-6KD2R11008;;;;;;;;
GT1-6KD1R11001;INVERSOR FOTOVOLTAICO MODELO GT1-6KD1;;PRODUTO;INVERSOR - GT1;GT1-6KD1;;;;;;;;
GT1-6KD1;Inversor fotovoltaico modelo GT1-6KD1;95918;PRODUTO;INVERSOR - GT1;GT1-6KD1;;;;;;;;
GT1-6K-D;INVERSOR ON-GRID MONOFASICO 2MPPT, 220V, COR BRANCO, LIVOLTEK, MODELO GT1-6K-D;;PRODUTO;INVERSOR - GT1;;;;;;;;;
GT1-6K -DS;INVERSOR FOTOVOLTAICO GT1-6K-DS;;PRODUTO;INVERSOR - GT1;;;;;;;;;
GT1-5KD2R11008;INVERSOR ON-GRID MONOFÁSICO 5kW 220V 2 MPPT GT1-5KD2R11008;104937;PRODUTO;INVERSOR - GT1;GT1-5KD2R11008;;;;;;;;
GT1-5KD1R11001;INVERSOR ON-GRID LIVOLTEK GT1-5KD1;;PRODUTO;INVERSOR - GT1;GT1-5KD1;;;;;;;;
GT1-5K-D;INVERSOR ON-GRID MONOFASICO 2MPPT, 220V, COR BRANCO, LIVOLTEK, MODELO GT1-5K-D;;PRODUTO;INVERSOR - GT1;;;;;;;;;
GT1-3K-SSW00101;INVERSOR FOTOVOLTAICO MARCA LIVOLTEK, MODELO GT1-3K-SS, MONOFASICO GT1-3K-SSW00101;;PRODUTO;INVERSOR - GT1;;;;;;;;;
GT1-3K-S;"INVERSOR FOTOVOLTAICO, MODELO GT1-3K-S, MONOFASICO ""ON-GRID"", POTENCIA 3.000 W, 230 V, 50/60 HZ";;PRODUTO;INVERSOR - GT1;;;;;;;;;
GT1-3K6D1R11001;INVERSOR ON-GRID LIVOLTEK GT1-3K6D1;;PRODUTO;INVERSOR - GT1;;;;;;;;;
GT1-3K3S1R11001;INVERSOR FOTOVOLTAICO MODELO GT1-3K3S1;;PRODUTO;INVERSOR - GT1;;;;;;;;;
GT1-3K3S1;INVERSOR FOTOVOLTAICO MODELO GT1-3K3S1;;PRODUTO;INVERSOR - GT1;;;;;;;;;
GT1-2K2S1R11001;INVERSOR ON-GRID LIVOLTEK GT1-2K2S1;;PRODUTO;INVERSOR - GT1;;;;;;;;;
GT1-10KT2R11004;INVERSORES PARA SISTEMAS FOTOVOLTAICOS ON-GRID GT1 -10KT2R11004;105396;PRODUTO;INVERSOR - GT1;GT1 -10KT2R11004;;;;;;;;
GT1-10KT2R11003;INVERSORES PARA SISTEMAS FOTOVOLTAICOS ON-GRID GT1-10KT2R11003;;PRODUTO;INVERSOR - GT1;GT1-10KT2R11003;;;;;;;;
GT1-10KT1R11101;INVERSORES PARA SISTEMAS FOTOVOLTAICOS STRING, PARA REDE MONOFASICA, COM POTENCIA NOMINAL DE SAIDA DE 10.000W A 40 GRAUS;;PRODUTO;INVERSOR;;;;;;;;;
GT1-10K-DW00101;INVERSOR FOTOVOLTAICO MARCA LIVOLTEK, MODELO GT1-10K-D, MONOFASICO;;PRODUTO;INVERSOR - GT1;;;;;;;;;
GT1-10K-D;INVERSOR FOTOVOLTAICO MARCA LIVOLTEK, MODELO GT1-10K-D, MONOFASICO;;PRODUTO;INVERSOR - GT1;;;;;;;;;
106170M;INVERSOR GT1 4-6 KW 220/230/240V IEC with Wi-Fi/ SPD II/CT/AC APS;106170;MATERIA-PRIMA;INVERSOR - GT1;GT1 4-6 KW (MATÉRIA-PRIMA);;;;;;;;
GF1-5K48S1R11003;INVERSOR FOTOVOLTAICO MODELO GF1-5K48S1;;PRODUTO;INVERSOR;;;;;;;;;
GF1-3K48L1R11003;INVERSOR FOTOVOLTAICO MODELO GF1-3K48L1;;PRODUTO;INVERSOR;;;;;;;;;
GF1-3K24S1R11001M;CAIXA DE ALUMINIO DE INVERSOR FOTOVOLTAICO MODELO GF1-3K;;MATERIA-PRIMA;INVERSOR GF1;CAIXA DE ALUMINIO DE INVERSOR FOTOVOLTAICO MODELO GF1-3K;;;;;;;;
EDP003l;Motor de Popa, (Model: EDP003l, 3.0 kW 3.0 kW, DC 36~60 V, Dimensões (LXBXH): 423mmX288.5mmX1140mm;100981;PRODUTO;MOTOR DE BARCO;Motor de Popa, (Model: EDP003l, 3.0 kW 3.0 kW, DC 36~60 V, Dimensões (LXBXH): 423mmX288.5mmX1140mm;;;;;;;;
DTSU2591R11001;MEDIDOR DE ENERGIA DIGITAL TRIFASICO SMART METER PARA CORRENTE ALTERNADA;;;DIVERSOS;MEDIDOR DE ENERGIA DIGITAL TRIFASICO SMART METER PARA CORRENTE ALTERNADA;;;;;;;;
D0300380E1EYW11001;D0301000E21 - CARREGADOR VEICULAR CC, POTENCIA NOMINAL DE 30KW, DIMENSOES 450 * 145 * 680 MM;;PRODUTO;CARREGADOR 30kW;D0301000E21 - CARREGADOR VEICULAR CC, POTENCIA NOMINAL DE 30KW, DIMENSOES 450 * 145 * 680 MM;;;;;;;;
CS00000082;GAS GLP ENVAZADO 20KG;;;DIVERSOS;GAS GLP ENVAZADO 20KG;;;;;;;;
C06010E2EAFGR11003;CARREGADOR VEICULAR | LIVOLTEK | CC 60KW | MC | 200A | 2XCCS2 | WALL-MOUNT | 4G (LATAM) | PPOS;;PRODUTO;CARREGADOR 40kW;CARREGADOR VEICULAR | LIVOLTEK | CC 60KW | MC | 200A | 2XCCS2 | WALL-MOUNT | 4G (LATAM) | PPOS;;;;;;;;
C04010E2EAFER11003;CARREGADOR VEICULAR | LIVOLTEK | CC 40KW | MC | 133A | 2XCCS2 | WALL-MOUNT | 4G (LATAM) | PPOS;;PRODUTO;CARREGADOR 40kW;CARREGADOR VEICULAR | LIVOLTEK | CC 40KW | MC | 133A | 2XCCS2 | WALL-MOUNT | 4G (LATAM) | PPOS;;;;;;;;
C03010E1EAFDR11003;"CARREGADOR VE LIVOLTEK CC MOTION COMPACT 30 KW; 400VAC;CABO 5M; 100 A; RFID; ETHERNET; 4G; CABO 1XCCS2";;PRODUTO;CARREGADOR 30kW;CARREGADOR CC MOTION COMPACT 30 KW;;;;;;;;
BV1-1K548L1;INVERSOR OFF-GRID LIVOLTEK BV1-1K548L1;;PRODUTO;INVERSOR;;;;;;;;;
BLF-B5150R11001;BATERIA DE LITIO BLF-B5150 COM PECAS DE CONEXAO;;PRODUTO;BATERIA;BLF-B5150 COM PECAS DE CONEXAO;;;;;;;;
BLF-B5150;Carregador para bateria BLF-B5150;105990;PRODUTO;BATERIA;Carregador para bateria BLF-B5150;;;;;;;;
BLF-B51150R11001;MODULOS DE ACUMULADORES ELETRICOS DE IONS DE LITIO(BATERIA DE LITIO 51,2V 150AH 7.68KWH BLF- B1150);;PRODUTO;BATERIA;MODULOS DE ACUMULADORES ELETRICOS DE IONS DE LITIO(BATERIA DE LITIO 51,2V 150AH 7.68KWH BLF- B1150);;;;;;;;
BLF-B51100R22001;BATERIA DE LITIO 51,2V 100AH 5,12KWH BLF-B51100R22001;;PRODUTO;BATERIA;BLF-B51100R22001;;;;;;;;
BLF-B51100R21001;MODULO DE ACUMULADORES ELETRICOS 100AH (BLF-B51100R21001);;PRODUTO;BATERIA;MODULO DE ACUMULADORES ELETRICOS 100AH (BLF-B51100R21001);;;;;;;;
BLF-B51100R11001;MODULOS DE ACUMULADORES ELETRICOS (BLF-B51100R11001);;PRODUTO;BLF;;;;;;;;;
BLF51-5R31001;BATERIA RECARREGAVEL DE ION DE LITIO (BLF51-5R31001);;PRODUTO;BATERIA;BLF51-5R31001;;;;;;;;
BHF-X261DR12001;MODULO BHF-X261DR12001 MODULO DE BATERIA 832V 261KWH IP55 GABINETE UNICO;;PRODUTO;BATERIA;MODULO BHF-X261DR12001 MODULO DE BATERIA 832V 261KWH IP55 GABINETE UNICO;;;;;;;;
BHF-X261DR11001;MODULO BHF-X261DR11001 MODULO DE BATERIA 832V 261KWH IP55 GABINETE UNICO;;;BATERIA;MODULO BHF-X261DR11001 MODULO DE BATERIA 832V 261KWH IP55 GABINETE UNICO;;;;;;;;
BHF-X225R11001;CONVERSOR ESTATICO COM SISTEMA DE ARMAZENAMENTO DE ENERGIA BESS 100KW 225KWH IP55 BHF-X2225;;;BESS;CONVERSOR ESTATICO COM SISTEMA DE ARMAZENAMENTO DE ENERGIA BESS 100KW 225KWH IP55 BHF-X2225;;;;;;;;
BHF-C01YDR12001;MODULO DE CONTROLE DE BATERIA BHF-B51100;;;BATERIA - MODULO;MODULO DE CONTROLE DE BATERIA BHF-B51100;;;;;;;;
BHF-B51100R23001;MODULO DE BATERIA 5,12 KWH MODELO BHF-B51100;;;BATERIA - MODULO;MODULO DE BATERIA 5,12 KWH MODELO BHF-B51100;;;;;;;;
BHF-B51100R11101;CONTROLADOR BMS PARA BATERIA DE LITIO BHF-B51100R11101 (DUMMY);105005;PRODUTO;BATERIA - DUMMY;CONTROLADOR BMS PARA BATERIA DE LITIO BHF-B51100R11101 (DUMMY);;;;;;;;
B1U2ME2E0M5SR12004;"CARREGADOR VE LIVOLTEK CA BUSH SERIES 2X22 KW; 230VAC;CABO 5M; BLUETOOTH; 4G; ETHERNET; RFID; CABO 2XTIPO 2 """;;PRODUTO;CARREGADOR 22kW;;;;;;;;;
AC1-LCDR11001;AC1-LCDR11001;;;;;;;;;;;;
AC1-ATFR11001;AC1-ATFR11001;;;;;;;;;;;;
AC1-AIOR11001M;CAIXA DE ALUMINIO FUNDIDO PARA ALOCACAO DE BATERIAS DE LITIO PARA USO EM INVERSORES FOTOVOLTAICOS;;MATERIA-PRIMA;DIVERSOS;CAIXA DE ALUMINIO FUNDIDO PARA ALOCACAO DE BATERIAS DE LITIO PARA USO EM INVERSORES FOTOVOLTAICOS;;;;;;;;
A0220400E11R11005;CARREGADOR VEICULAR | LIVOLTEK | CA 22KW | ATOM | 400V | 32A | CABO 5M | 1XTIPO 2 | BT | WI-FI (FC41D) | RFID | BOTAO DE;;PRODUTO;CARREGADOR 22kW;CARREGADOR VEICULAR | LIVOLTEK | CA 22KW | ATOM | 400V | 32A | CABO 5M | 1XTIPO 2 | BT | WI-FI (FC41D) | RFID | BOTAO DE;;;;;;;;
A0220400E11R11004;CARREGADOR VEICULAR | LIVOLTEK | CA 22KW | ATOM | 400V | 32A | CABO 5M | 1XTIPO 2 | BT | WI-FI (FC41D) | BOTAO DE EMERGE;;PRODUTO;CARREGADOR 22kW;CARREGADOR VEICULAR | LIVOLTEK | CA 22KW | ATOM | 400V | 32A | CABO 5M | 1XTIPO 2 | BT | WI-FI (FC41D) | BOTAO DE EMERGE;;;;;;;;
A0220400E11R11002;CARREGADOR VEICULAR | LIVOLTEK | CA 22KW | ATOM | 400V | 32A | CABO 5M | 1XTIPO 2 | BT | WI-FI | ETH | HARDWARE A21 | BO;;PRODUTO;CARREGADOR 22kW;CARREGADOR VEICULAR | LIVOLTEK | CA 22KW | ATOM | 400V | 32A | CABO 5M | 1XTIPO 2 | BT | WI-FI | ETH | HARDWARE A21 | BO;;;;;;;;
A0070230E1EHR11002;CARREGADOR VEICULAR | LIVOLTEK | CA 7.3KW | ACE | 230V | 32A | CABO 5M | 1XTIPO 2 | BT | WI-FI | ETH | RFID;105589;PRODUTO;CARREGADOR 7,3kW;CARREGADOR VEICULAR | LIVOLTEK | CA 7.3KW | ACE | 230V | 32A | CABO 5M | 1XTIPO 2 | BT | WI-FI | ETH | RFID;;;;;;;;
105589M;MATÉRIA-PRIMA - A0070230E1EHR11002;105589;MATERIA-PRIMA;CARREGADOR 7,3kW;A0070230E1EHR11002 (MATÉRIA-PRIMA);;;;;;;;
A0070230E1EHR11002;CARREGADOR VEICULAR | LIVOLTEK | CA 7.3KW | ACE | 230V | 32A | CABO 5M | 1XTIPO 2 | BT | WI-FI | ETH | RFID;;PRODUTO;CARREGADOR 7,3kW;;;;;;;;;
A0070230E11R11305;CARREGADOR VEICULAR | LIVOLTEK | CA 7.3KW | ATOM | 230V | 32A | CABO 5M | 1XTIPO 2 | BT | WI-FI (FC41D) | BOTAO DE EMERG;;PRODUTO;CARREGADOR 7,3kW;CARREGADOR VEICULAR | LIVOLTEK | CA 7.3KW | ATOM | 230V | 32A | CABO 5M | 1XTIPO 2 | BT | WI-FI (FC41D) | BOTAO DE EMERG;;;;;;;;
A0070230E11R11302;CARREGADOR VEICULAR| LIVOLTEK | CA 7.3KW | ATOM | 230V | 32A | CABO 5M | 1XTIPO 2 | BT | WI-FI | ETH | HARDWARE A21 | BO;;PRODUTO;CARREGADOR 7,3kW;CARREGADOR VEICULAR| LIVOLTEK | CA 7.3KW | ATOM | 230V | 32A | CABO 5M | 1XTIPO 2 | BT | WI-FI | ETH | HARDWARE A21 | BO;;;;;;;;
915512CQ03;MEDIDOR ZEUS 8021-NG NIC CLASSE B 120V 1 ELEM. 1 FASE 2 FIOS 15(100)A;;;;;;;;;;;;
91206940A7;CONECTOR PERFURANTE COM CAPUZ, RAMAL CABO 35MM² (35CM), INCORPORADO;;PRODUTO;CONECTOR;;;;;;;;;
91206940A6;CONECTOR PERFURANTE COM CAPUZ, RAMAL CABO 25MM² (35CM), INCORPORADO;;PRODUTO;CONECTOR;;;;;;;;;
91206940A5;CONECTOR PERFURANTE COM CAPUZ, RAMAL CABO 10MM² (35CM), INCORPORADO;;PRODUTO;CONECTOR;;;;;;;;;
91206940A4;CONECTOR PERFURANTE COM CAPUZ, RAMAL CABO 16MM² (35CM), INCORPORADO;;PRODUTO;CONECTOR;;;;;;;;;
91204S0204M;TAMPA PRINCIPAL (HXCB10S - 2/2) - STRING BOX;;MATERIA-PRIMA;STRING BOX;TAMPA PRINCIPAL (HXCB10S - 2/2) - STRING BOX;;;;;;;;
91204100A2;CAIXA DE SOBREPOR PARA DISJUNTOR DIN TRIPOLAR;;;;;;;;;;;;
91204100A1;CAIXA DE SOBREPOR PARA DISJUNTOR DIN BIPOLAR;;;;;;;;;;;;
106171M;INVERSOR GT1 7-10KW 220/230/240V IEC with Wi-Fi/ SPD II/CT/AC APS;106171;MATERIA-PRIMA;INVERSOR - GT1;GT1 7-10KW 220/230/240V IEC with Wi-Fi/ SPD II/CT/AC APS;;;;;;;;
61615.R120;RELIGADOR AUTOMATICO MONOFASICO AUTOALIMENTADO COM INTERRUPCAO A VACUO (HXD820-29/100A-6.3KA);;;;;;;;;;;;
61050.R120;RELIGADOR AUTOMATICO MONOFASICO AUTOALIMENTADO COM INTERRUPCAO A VACUO HXD820-15.5/100A-6.3KA;;;;;;;;;;;;
565GBD1102;"HID. ULTRASSONICO (CONT.LIQ) IND.; ACO; DN300-500 MM; Q3=1000 M³/H; R400; PN16; PULSO; MODBUS (ZLW300-1000).";;;;;;;;;;;;
5634C30101;HID. ULTRASSONICO (CONT. LIQ) RES., LATAO, DN20-190 MM, Q3= 4 M³/H, R500, PULSO, SABESP (ZLW20-4).;;;;;;;;;;;;
2160100240LM;CARREGADOR ECH10051 DE 250W PARA BATERIAS DE LITIO;;MATERIA-PRIMA;BATERIA - CARREGDOR;CARREGADOR ECH10051 DE 250W PARA BATERIAS DE LITIO;;;;;;;;
106170M;MATÉRIA-PRIMA - GT1 4-6 KW;;MATERIA-PRIMA;INVERSOR - GT1;GT1 4-6 KW (MATÉRIA-PRIMA);;;;;;;;
105652M;MATÉRIA-PRIMA - GT3-25KD1R11008;;MATERIA-PRIMA;INVERSOR - GT3;GT3-25KD1R11008 (MATÉRIA-PRIMA);;;;;;;;
525030103001;ACESSORIO CARREGADOR VEICULAR | CC | MC | ABRACADEIRA DO GERENCIADOR DE CABOS POR MOLA | LIVOLTEK | 40/60KW;;PRODUTO;CARREGADOR - ACESSORIO;ACESSORIO CARREGADOR VEICULAR | CC | MC | ABRACADEIRA DO GERENCIADOR DE CABOS POR MOLA | LIVOLTEK | 40/60KW;;;;;;;;
525030101001;ACESSORIO CARREGADOR VEICULAR | CC | MC | GERENCIADOR DE CABOS TIPO HASTE POR MOLA | LIVOLTEK | 40/60KW;;PRODUTO;CARREGADOR - ACESSORIO;ACESSORIO CARREGADOR VEICULAR | CC | MC | GERENCIADOR DE CABOS TIPO HASTE POR MOLA | LIVOLTEK | 40/60KW;;;;;;;;
525030098001;"PARTE EXCLUSIVA DE CONVERSORES ELETRICOS ESTATICOS ARO (CONJUNTO DA BRACADEIRA DO CABO DE CARREGAMENTO);DIAMETRO 30.2MM;";;NAO CADASTRADO;DIVERSOS;"PARTE EXCLUSIVA DE CONVERSORES ELETRICOS ESTATICOS ARO (CONJUNTO DA BRACADEIRA DO CABO DE CARREGAMENTO);DIAMETRO 30.2MM;";;;;;;;;
525030096001;"ARO DE CONEXAO DO CABO DE RECARGA DO GERENCIADOR DE CABOS; BRACACEIRA 30.2MM";;NAO CADASTRADO;DIVERSOS;"ARO DE CONEXAO DO CABO DE RECARGA DO GERENCIADOR DE CABOS; BRACACEIRA 30.2MM";;;;;;;;
525030077001;"BALANCEADOR DO GERENCIADOR DE CABOS;SCCR -FC-XX-L(R); LADO DIREITO";;NAO CADASTRADO;DIVERSOS;"BALANCEADOR DO GERENCIADOR DE CABOS;SCCR -FC-XX-L(R); LADO DIREITO";;;;;;;;
525030076001;"PARTE EXCLUSIVA DE CONVERSORES ELETRICOS ESTATICOS BALANCEADOR DO GERENCIADOR DE CABOS; D30.2;170X164X66.5MM;ROHS";;NAO CADASTRADO;DIVERSOS;"PARTE EXCLUSIVA DE CONVERSORES ELETRICOS ESTATICOS BALANCEADOR DO GERENCIADOR DE CABOS; D30.2;170X164X66.5MM;ROHS";;;;;;;;
525030075001;"PARTE EXCLUSIVA DE CONVERSORES ELETRICOS ESTATICOS BALANCEADOR DO GERENCIADOR DE CABOS;D30.2 ;170X164X66.5MM;ROHS";;NAO CADASTRADO;DIVERSOS;"PARTE EXCLUSIVA DE CONVERSORES ELETRICOS ESTATICOS BALANCEADOR DO GERENCIADOR DE CABOS;D30.2 ;170X164X66.5MM;ROHS";;;;;;;;
525030074001;"BALANCEADOR DO GERENCIADOR DE CABOS;SCCR -FC-XX-L(R); LADO ESQUERDO";;NAO CADASTRADO;DIVERSOS;"BALANCEADOR DO GERENCIADOR DE CABOS;SCCR -FC-XX-L(R); LADO ESQUERDO";;;;;;;;
525030073001;"PARTE EXCLUSIVA DE CONVERSORES ELETRICOS ESTATICOS GERENCIAMENTO DE CABOS RODA DE QUATRO VIAS; 82.5X55X16MM;ROHS";;NAO CADASTRADO;DIVERSOS;"PARTE EXCLUSIVA DE CONVERSORES ELETRICOS ESTATICOS GERENCIAMENTO DE CABOS RODA DE QUATRO VIAS; 82.5X55X16MM;ROHS";;;;;;;;
525030024002;MAQUINAS AUTOMATICA PARA PROCESSAMENTO DE DADOS TIPO LEITOR DE CARTOES MAGNETICOS RFID KIT PARA AC EV-CHARGER;;NAO CADASTRADO;DIVERSOS;MAQUINAS AUTOMATICA PARA PROCESSAMENTO DE DADOS TIPO LEITOR DE CARTOES MAGNETICOS RFID KIT PARA AC EV-CHARGER;;;;;;;;
525010044002;"PARTE EXCLUSIVA DE CONVERSORES ELETRICOS ESTATICOS PLACA DE CONTROLE DE LED;261.5MM*20MM LED DE STATUS LIGADO";;NAO CADASTRADO;DIVERSOS;"PARTE EXCLUSIVA DE CONVERSORES ELETRICOS ESTATICOS PLACA DE CONTROLE DE LED;261.5MM*20MM LED DE STATUS LIGADO";;;;;;;;
525010043001;"PARTE EXCLUSIVA DE CONVERSORES ELETRICOS ESTATICOS PLACA DE CONTROLE DE LED;181.5MM*20MM LED DE STATUS LIGADO";;NAO CADASTRADO;DIVERSOS;"PARTE EXCLUSIVA DE CONVERSORES ELETRICOS ESTATICOS PLACA DE CONTROLE DE LED;181.5MM*20MM LED DE STATUS LIGADO";;;;;;;;
525010042005;PARTE EXCLUSIVA DE CONVERSORES ELETRICOS ESTATICOS PLACA DE CONTROLE PLC (525010042005);;NAO CADASTRADO;DIVERSOS;PARTE EXCLUSIVA DE CONVERSORES ELETRICOS ESTATICOS PLACA DE CONTROLE PLC (525010042005);;;;;;;;
525010040003;"PARTE EXCLUSIVA DE CONVERSORES ELETRICOS ESTATICOS PLACA DE CONTROLE DE LED;181.5*20 LED STATUS DE RECARREGAMENTO";;NAO CADASTRADO;DIVERSOS;"PARTE EXCLUSIVA DE CONVERSORES ELETRICOS ESTATICOS PLACA DE CONTROLE DE LED;181.5*20 LED STATUS DE RECARREGAMENTO";;;;;;;;
525010035012;PARTE EXCLUSIVA DE CONVERSORES ELETRICOS ESTATICOS PLACA DE CONTROLE DE CARREGAMENTO(CCU);;NAO CADASTRADO;DIVERSOS;PARTE EXCLUSIVA DE CONVERSORES ELETRICOS ESTATICOS PLACA DE CONTROLE DE CARREGAMENTO(CCU);;;;;;;;
525010027004;PARTE EXCLUSIVA DE CONVERSORES ELETRICOS ESTATICOS PLACA DE CONTROLE DA TRAVA ELETRONICA (525010027004);;NAO CADASTRADO;DIVERSOS;PARTE EXCLUSIVA DE CONVERSORES ELETRICOS ESTATICOS PLACA DE CONTROLE DA TRAVA ELETRONICA (525010027004);;;;;;;;
525010021005;MODULO DE COMUNICACAO WIFI (525010021005);;NAO CADASTRADO;DIVERSOS;MODULO DE COMUNICACAO WIFI (525010021005);;;;;;;;
525010020008;MODULO DE COMUNICACAO PARA TRANSMISSAO E RECEPCAO DE DADOS EM REDES SEM FIO (WLAN), FREQUENCIA 2.4 GHZ, 54MBIT/S, 3.3VDC;;NAO CADASTRADO;DIVERSOS;MODULO DE COMUNICACAO PARA TRANSMISSAO E RECEPCAO DE DADOS EM REDES SEM FIO (WLAN), FREQUENCIA 2.4 GHZ, 54MBIT/S, 3.3VDC;;;;;;;;
525000000000;MODULO DE COMUNICACAO PARA TRANSMISSAO E RECEPCAO DE DADOS EM REDES SEM FIO (WLAN), FREQUENCIA 2.4 GHZ, 54MBIT/S, 3.3VDC;;;;;;;;;;;;
523000717001;CONVERSOR ESTATICO DE POTENCIA TIPO ESTACAO DE RECARGA VEICULAR LCDC 60KW 2XCCS2 5M RFID ETHERNET 4G;;NAO CADASTRADO;DIVERSOS;CONVERSOR ESTATICO DE POTENCIA TIPO ESTACAO DE RECARGA VEICULAR LCDC 60KW 2XCCS2 5M RFID ETHERNET 4G;;;;;;;;
523000000000M;CONVERSOR ESTATICO DE POTENCIA TIPO ESTACAO DE RECARGA VEICULAR LCDC 60KW 2XCCS2 5M RFID ETHERNET 4G;;MATERIA-PRIMA;INVERSOR - GT3;CONVERSOR ESTATICO DE POTENCIA TIPO ESTACAO DE RECARGA VEICULAR LCDC 60KW 2XCCS2 5M RFID ETHERNET 4G;;;;;;;;
9192220901;MOTOR DE POPA, (MODEL: EDP003L, 3.0 KW 3.0 KW, DC 36~60 V, DIMENSOES (LXBXH): 423MMX288.5MMX1140MM;;;;;;;;;;;;
9192220559;CONECTOR RJ45 MACHO CAT6 10U;;PRODUTO;CONECTOR;;;;;;;;;
9192220387;DISJUNTOR BIPOLAR SDD62C16 3KA 16A;;;;;;;;;;;;
9192220364;"PEDESTAL PARA ESTACAO DE RECARGA DC30KW; 200X80MM; ACO CARBONO 1020; COM FURACOES; PINTURA ELETROSTATICA; E PARABOLTS";;PRODUTO;CARREGADOR - PEDESTAL;"PEDESTAL PARA DC30KW; 200X80MM";;;;;;;;
9192220339;CABO DE COBRE FLEXIVEL 16MM² EPR OU XLPE CLASSE 5 0,6/1 KV;;PRODUTO;DIVERSOS - CABO;CABO DE COBRE FLEXIVEL 16MM² EPR OU XLPE CLASSE 5 0,6/1 KV;;;;;;;;
9192220338;CABO DE COBRE 35MM² EPR 8.7/15 KV CLASSE 2;;PRODUTO;DIVERSOS - CABO;CABO DE COBRE 35MM² EPR 8.7/15 KV CLASSE 2;;;;;;;;
9192220337;CABO DE COBRE FLEXIVEL 25MM² EPR OU XLPE CLASSE 5 0,6/1 KV;;PRODUTO;DIVERSOS - CABO;CABO DE COBRE FLEXIVEL 25MM² EPR OU XLPE CLASSE 5 0,6/1 KV;;;;;;;;
9192220336;CABO DE COBRE FLEXIVEL 120MM² EPR OU XLPE CLASSE 5 0,6/1 KV;;PRODUTO;DIVERSOS - CABO;CABO DE COBRE FLEXIVEL 120MM² EPR OU XLPE CLASSE 5 0,6/1 KV;;;;;;;;
9192220335;CABO DE ALUMINIO 70 MM² COBERTO XLPE 15 KV CLASSE 2;;PRODUTO;DIVERSOS - CABO;CABO DE ALUMINIO 70 MM² COBERTO XLPE 15 KV CLASSE 2;;;;;;;;
9192220334;CABO DE ALUMINIO 185MM² COBERTO XLPE 15 KV CLASSE 2;;PRODUTO;DIVERSOS - CABO;CABO DE ALUMINIO 185MM² COBERTO XLPE 15 KV CLASSE 2;;;;;;;;
9192220162;CINTA POSTE CIRCULAR ACO GALVANIZADO 170MM;;;;;;;;;;;;
9192220151;DISJUNTOR DIN TRIPOLAR 70A, CURVA C, ICN = 6KA;;;;;;;;;;;;
9192220149;DISJUNTOR DIN TRIPOLAR 50A, CURVA C, ICN = 6KA;;;;;;;;;;;;
9192220148;DISJUNTOR DIN TRIPOLAR 40A, CURVA C, ICN = 6KA;;;;;;;;;;;;
9192220143;DISJUNTOR DIN BIPOLAR 70A, CURVA C, ICN = 6KA;;;;;;;;;;;;
9192220141;DISJUNTOR DIN BIPOLAR 50A, CURVA C, ICN = 6KA;;;;;;;;;;;;
9192220140;DISJUNTOR DIN BIPOLAR 40A, CURVA C, ICN = 6KA;;;;;;;;;;;;
9192220134;DISJUNTOR DIN MONOPOLAR 63A, CURVA C, ICN = 6KA;;;;;;;;;;;;
9192220133;DISJUNTOR DIN MONOPOLAR 50A, CURVA C, ICN = 6KA;;;;;;;;;;;;
9192220132;DISJUNTOR DIN MONOPOLAR 40A, CURVA C, ICN = 6KA;;;;;;;;;;;;
9192220084;CABO DE ACO COBREADO P/ ATERRAMENTO BIMETALICO 50MM², 7 FIOS - 53% IACS;;PRODUTO;CABO;;;;;;;;;
9192220083;CONECTOR DE COMPRESSAO PARA ATERRAMENTO LIGA DE COBRE SACG-1258-70;;PRODUTO;CONECTOR;;;;;;;;;
9192219833;KIT TELHADO FIBROCIMENTO P/ METALICO METALLIGHT 4 MODULOS STD;;PRODUTO;KIT SOLAR - TELHADO;KIT TELHADO FIBROCIMENTO P/ METALICO METALLIGHT 4 MODULOS STD;;;;;;;;
9192219832;KIT TELHADO FIBROCIMENTO P/ MADEIRA METALLIGHT 4 MODULOS STD;;PRODUTO;KIT SOLAR - TELHADO;KIT TELHADO FIBROCIMENTO P/ MADEIRA METALLIGHT 4 MODULOS STD;;;;;;;;
9192219664;CABO 10MM² DE COBRE ANTICHAMA RIGIDO, PVC 450/750V, NBR NM 247-3, CLASSE 1, PRETO;;PRODUTO;CABO;;;;;;;;;
9192219663;ANCORAGEM TIPO CUNHA PARA CABO DROP FLAT OU CIRCULAR;;;;;;;;;;;;
9192219662;CONECTOR MECANICO PARA DROP SC/APC P/ FIBRA G.657 E G.652;;PRODUTO;CONECTOR;;;;;;;;;
9192219517;"PALETE DE CODIFICACAO PCB - MATERIAL DE PEDRA SINTETICA DE 6MM; TAMANHO 280*450MM";;;;;;;;;;;;
9192219516;"PALETE DE CODIFICACAO PCB - MATERIAL DE PEDRA SINTETICA DE 6MM; TAMANHO 400*450MM";;;;;;;;;;;;
9192219515;"PALETE DE CODIFICACAO PCB - MATERIAL DE PEDRA SINTETICA DE 6MM; TAMANHO 360*450MM";;;;;;;;;;;;
9192219514;"PALETE DE CODIFICACAO PCB - MATERIAL DE PEDRA SINTETICA DE 6MM; TAMANHO 320*450MM";;;;;;;;;;;;
9192219513;"PALETE DE SOLDA PCB - MATERIAL DE PEDRA SINTETICA DE 8MM; TAMANHO 480*350MM";;;;;;;;;;;;
9192219512;"PALETE DE SOLDA PCB - MATERIAL DE PEDRA SINTETICA DE 6MM; TAMANHO 400*280MM";;;;;;;;;;;;
9192219511;"PALETE DE SOLDA PCB - MATERIAL DE PEDRA SINTETICA DE 6MM; TAMANHO 360*280MM";;;;;;;;;;;;
9192219510;"PALETE DE SOLDA PCB - MATERIAL DE PEDRA SINTETICA DE 6MM; TAMANHO 320*280MM";;;;;;;;;;;;
9192219508;PLACA DE COBERTURA DA BANDEJA DE FIBRA DE VIDRO (REF.: 4032500550 );;;;;;;;;;;;
9191271297;"ABRACADEIRA GUIA PARA MASTRO 1.1/2""";;;;;;;;;;;;
9191271296;"MASTRO DE FERRO GALVANIZADO 1.1/2"" COMPRIMENTO 3M PARA PARA-RAIOS FRANKLIN";;;;;;;;;;;;
9191271234;CABO CAT6;;PRODUTO;CABO;;;;;;;;;
9191271065;KIT SOLO EASY LINE 4 MODULOS - 1134X2279;;PRODUTO;KIT SOLAR - SOLO;KIT SOLO EASY LINE 4 MODULOS - 1134X2279;;;;;;;;
9191271064;TRIANGULO RETRATO TELESCOPIO 4 MODULOS 15° A 30° LAJE;;;KIT SOLAR - TELHADO;TRIANGULO RETRATO TELESCOPIO 4 MODULOS 15° A 30° LAJE;;;;;;;;
9191271063;KIT MINI TRILHO BAIXO P-1 PARA 4 MODULOS 300 MM;;PRODUTO;KIT SOLAR - TELHADO;KIT MINI TRILHO BAIXO P-1;;;;;;;;
9191271062;KIT TELHADO FIBROMETAL FIX MTL 250 MM 4 MODULOS STD;;PRODUTO;KIT SOLAR - TELHADO;KIT TELHADO FIBROMETAL FIX MTL;;;;;;;;
9191271061;KIT TELHADO FIBROCIMENTO FIX MADE 200 MM 4 MODULOS STD;;PRODUTO;KIT SOLAR - TELHADO;KIT TELHADO FIBROCIMENTO FIX MADE;;;;;;;;
9191271060;KIT TELHADO CERAMICO CCM-10 4 MODULOS STD.;;PRODUTO;KIT SOLAR - TELHADO;KIT TELHADO CERAMICO CCM-10 4 MODULOS STD.;;;;;;;;
9191271052;TERMINAL OLHAL PRE ISOLADO DE 2,5MM;;;;;;;;;;;;
9191271044;PAINEL PARA FIXACAO DE DISJUNTORES EM BASTIDOR DE TELECOM - 20 DISJ. - SEITEC;;;;;;;;;;;;
9191270849;CARREGADOR DE ACUMULADOR (CA) PORTATIL PARA CARREGAR DISPOSITIVOS CONVENCIONAIS CAP. 14,8V/80000MAH - 110V;;;;;;;;;;;;
9191270848;CARREGADOR DE ACUMULADOR (CA) PORTATIL PARA CARREGAR DISPOSITIVOS CONVENCIONAIS CAP. 12,8V/130500MAH - 110V;;;DIVERSOS;CARREGADOR DE ACUMULADOR (CA) PORTATIL PARA CARREGAR DISPOSITIVOS CONVENCIONAIS CAP. 12,8V/130500MAH - 110V;;;;;;;;
9191270847;CARREGADOR DE ACUMULADOR (CA) PORTATIL PARA CARREGAR DISPOSITIVOS CONVENCIONAIS CAP. 22,4V/133200MAH - 110V;;;DIVERSOS;CARREGADOR DE ACUMULADOR (CA) PORTATIL PARA CARREGAR DISPOSITIVOS CONVENCIONAIS CAP. 22,4V/133200MAH - 110V;;;;;;;;
9191270843;FITA ISOLANTE 18MM LARG X 10 MT;;;;;;;;;;;;
9191270834;"ELETRODUTO ACO CARBONO MEDIO A GALVANIZADO FOGO 1/2"" BSP 6M ABNT NBR 5598";;;;;;;;;;;;
9191270833;"ELETRODUTO ACO CARBONO MEDIO A GALVANIZADO FOGO 1/2"" BSP 3M ABNT NBR 5598";;;;;;;;;;;;
9191270789;CHAPA DE ACRILICO TRANSPARENTE 1200X1000X3MM;;;;;;;;;;;;
9191270788;SUPORTE OMEGA PARA ELETROCALHA 50X50MM #20;;;;;;;;;;;;
9191270787;"BORRACHA TIPO ""U"" 8X6X1,5MM";;;;;;;;;;;;
9191270510;TAMPAO PLASTICO PARA CONDULETE DE 3/4;;;;;;;;;;;;
9191270416;CABO DE ALUMINIO MULTIPLEXADO DUPLEX 2X16MM;;PRODUTO;CABO;;;;;;;;;
9191270264;CONECTOR TERMINAL DE COBRE 16MM2 COM PARAFUSO M12X50 PARA CHAVE FUSIVEL;;PRODUTO;CONECTOR;;;;;;;;;
9191270012;CALCO PARA BASE CHAVE FUSIVEL RELIGADOR 15KV;;;;;;;;;;;;
9191269000;CAIXA COLETIVA DE PAPELAO PARA HIDROMETROS INDUSTRIAIS - DN50 (FLANGE MOVEL E FIXO) + CONTRA FLANGE;;;;;;;;;;;;
9191268900;CAIXA COLETIVA DE PAPELAO PARA HIDROMETROS INDUSTRIAIS - DN100 (FLANGE FIXO);;;;;;;;;;;;
9191268700;CAIXA COLETIVA DE PAPELAO PARA HIDROMETROS INDUSTRIAIS - DN80 (FLANGE FIXO);;;;;;;;;;;;
9191268102;CAIXA COLETIVA DE PAPELAO PARA MEDIDOR DE ENERGIA ELETRICA (TAMANHO G) - RECICLADO;;;;;;;;;;;;
9191268101;CAIXA COLETIVA DE PAPELAO PARA MEDIDOR DE ENERGIA ELETRICA (TAMANHO M) - RECICLADO;;;;;;;;;;;;
9191268004;CAIXA COLETIVA DE PAPELAO (TAMANHO P) - (VERSAO 2);;;;;;;;;;;;
9191268001;CAIXA COLETIVA DE PAPELAO PARA MEDIDOR DE ENERGIA ELETRICA (TAMANHO M) - ELETRA;;;;;;;;;;;;
9191268000;CAIXA COLETIVA DE PAPELAO PARA MEDIDOR DE ENERGIA ELETRICA (TAMANHO P) - ELETRA;;;;;;;;;;;;
9191267803;CAIXA INDIVIDUAL DE PAPELAO PARA HIDROMETROS INDUSTRIAIS - DN80 (FLANGE FIXO);;;;;;;;;;;;
9191267802;CAIXA INDIVIDUAL DE PAPELAO PARA HIDROMETROS INDUSTRIAIS - DN80 (FLANGE MOVEL);;;;;;;;;;;;
9191267801;CAIXA INDIVIDUAL DE PAPELAO PARA HIDROMETROS INDUSTRIAIS - DN50 (FLANGE MOVEL E FIXO);;;;;;;;;;;;
9191267601;CAIXA INDIVIDUAL DE PAPELAO PARA HIDROMETROS RESIDENCIAIS (TAMANHO M);;;;;;;;;;;;
9191267508;CAIXA DE PAPELAO INDIVIDUAL DN200;;;;;;;;;;;;
9191267507;CAIXA DE PAPELAO INDIVIDUAL DN150;;;;;;;;;;;;
9191267506;CAIXA INDIVIDUAL DE PAPELAO PADRAO EXPORTACAO MONOFASICO;;;;;;;;;;;;
9191267401;DIVISORIAS DE PAPELAO DA CAIXA COLETIVA (TAMANHO P) - DVM - B ( 04 CORTES) - RECICLADO;;;;;;;;;;;;
9191267400;DIVISORIAS DE PAPELAO DA CAIXA COLETIVA (TAMANHO P) - DVM - A - RECICLADO;;;;;;;;;;;;
9191267104;DIVISORIAS DE PAPELAO DA CAIXA COLETIVA (TAMANHO M) - DVM- C (165 X 590 - 04 CORTES);;;;;;;;;;;;
9191257907;CAIXA MASTER DE PAPELAO MONTAGEM HORIZONTAL - CONCENTRADOR SECUNDARIO - PANTHEON - SEM CALCO;;;;;;;;;;;;
9191257901;CAIXA MASTER DE PAPELAO COM CALCOS LATERAIS - CONCENTRADOR SECUNDARIO - PANTHEON;;;;;;;;;;;;
9191257809;CAIXA DE PAPELAO COLETIVA COM CAIXA INDIVIDUAL - MEDIDORES ARES 7023 (HIGH END POLI);;;;;;;;;;;;
9191256801;BASE PARA PALLET ESCRAVO 1000X1200 OTIMIZADO.;;;;;;;;;;;;
9191237500;CAIXA MASTER PAPELAO KRAFT MEDIDORES MONO 3 FIOS E POLIFASICO COM CAIXA INDIVIDUAL - ELETRA;;;;;;;;;;;;
9190772302;CABO FLEXIVEL DE 1,5 MM² - COR PRETO;;PRODUTO;CABO;;;;;;;;;
9190132502;FILME POLIESTER ESTICAVEL STRAWRAP 25 MICRAS 500MM (BOBINA COM 5KG);;;DIVERSOS;FILME POLIESTER ESTICAVEL STRAWRAP 25 MICRAS 500MM (BOBINA COM 5KG);;;;;;;;
9159610000;SIGFI 80 - SISTEMA DE GERACAO COM FONTES INTERMITENTES 80KWH/MES 127V;;;;;;;;;;;;
9159318001;INVERSOR ON-GRID MONOFASICO 8KW 220V GT1-8K SENERGY;;PRODUTO;INVERSOR - GT1;;;;;;;;;
9159316000;INVERSOR ON-GRID MONOFASICO 6KW 220V GT1-6K SENERGY;;PRODUTO;INVERSOR - GT1;;;;;;;;;
9158310104;KIT CHAVE DE INTERRUPCAO SOB CARGA - LBS - HXD811-F30 15.5KV;;;;;;;;;;;;
9156320001;"HID. ULTRASSONICO RES.; LATAO; DN20-190 MM; Q3=4 M³/H; R500; PULSO (ZLW20-4)";;;;;;;;;;;;
9140800068;MODULO DE COMUNICACAO WISUN ZEUS NG + 12V + ANTENA EXTERNA + FIXACAO NO POSTE CELESC;;;;;;;;;;;;
9140800039;MODULO DE COMUNICACAO WISUN HEXING (915MHZ) + 8V + ANTENA INTERNA;;;;;;;;;;;;
9140294800;SCJ. GABINETE E ACESSORIOS BALANCE METER;;;;;;;;;;;;
9140292200;KIT CONECTOR MC4;;PRODUTO;CONECTOR;;;;;;;;;
9140291601;GAB. METALICO PANTHEON EM ACO CARB. GALVANIZADO (2000H) PINTURA RAL 7035 (TAMPA C/ FURO) (V2) (NACIONAL);;;;;;;;;;;;
9140291203;"SCJ. SUPORTE PARA ANTENA EM """"L"""" AJUSTAVEL PARA PORTE """"T"""" COM FIXACAO POR FUROS";;;;;;;;;;;;
9140290938;GAB. METALICO PANTHEON ACO CARB. GALV. 1,2MM RAL 7035 (2000H) (RETRABALHADO);;;;;;;;;;;;
9140283100;INVERSORES PARA SISTEMAS FOTOVOLTAICOS HIBRIDO MONOFASICO 3KW 220V 2 MPPT AFCI HP1-3KS2R11001;;PRODUTO;INVERSOR;;;;;;;;;
9140274337;CARREGADOR VEICULAR | LIVOLTEK | CA 7.3KW | ACE | 230V | 32A | CABO 5M | 1XTIPO 2 | BT | WI-FI | ETH | RFID;;PRODUTO;CARREGADOR 7,3kW;;;;;;;;;
9140262500;KIT DE ESTRUTURA DE COMUNICACAO REMOTA - SIGFI COPEL;;;;;;;;;;;;
9140258700;CONJUNTO METALICO PARA ARMACAO DE ROLDANA COM ISOLAMENTO EM PORCELANA 72 X 72MM;;;;;;;;;;;;
9140256004;SCJ. TAMPA DO MODULO ZEUS + VISOR - S/ANTENA;;;;;;;;;;;;
9140256003;SCJ. TAMPA DO MODULO ZEUS + VISOR - C/ANTENA;;;;;;;;;;;;
9130109100;PROTETOR SURTO DPS SOLAR 1040V 40KA;;;;;;;;;;;;
9122100268;CONVERSOR DE MIDIA SM, MONOFIBRA, SC/APC, PORTA RJ45, 10/100MBPS, 5-12VCC- LADO B- 20KM;;;;;;;;;;;;
9122100255;PARAFUSADEIRA ELETRICA;;;;;;;;;;;;
9122100023;EMPILHADEIRA.;;;DIVERSOS;EMPILHADEIRA.;;;;;;;;
9122004169;ROTEADORES DE BORDA PARA COMUNICACAO BIDIRECIONAL DE DADOS SEM FIO MODELO HXAP1000R21107-CPL.V2;;;;;;;;;;;;
9122004168;REPETIDORES DE SINAL DE RADIO FREQUENCIA P/ COMUN. BIDIREC. DADOS S/FIO MODELO HXWSG100R21003-CPL.V2;;;;;;;;;;;;
9122003280;CINTA POSTE CIRCULAR ACO GALVANIZADO 200MM;;;;;;;;;;;;
9122003279;FITA DE ANCORAGEM COM ARGOLA D 150CM;;;;;;;;;;;;
9122003278;FITA DE ANCORAGEM COM ARGOLA D 120M;;;;;;;;;;;;
9122003277;FITA DE ANCORAGEM COM ARGOLA D 60CM;;;;;;;;;;;;
9122003113;FITA DE ANCORAGEM COM ARGOLA D 80CM;;;;;;;;;;;;
9122003112;CORDA MULTIUSO 8MM X 100M;;;;;;;;;;;;
9122003111;CORDA LINHA DE VIDA 12MM X 35M;;;;;;;;;;;;
9122003043;CONVERSOR DE MIDIA OPTICO, SLOT 1000BASE-X SFP;;;;;;;;;;;;
9122003042;MODULO COMPATIVEL COM CISCO GLC BX20-D-I 20 KM DOM;;;;;;;;;;;;
9122003041;MODULO COMPATIVEL COM CISCO GLC-BX40-U-I 40 KM DOM;;;;;;;;;;;;
9122003027;MODULO COMPATIVEL COM CISCO GLC-BX40-U-I 20 KM DOM;;;;;;;;;;;;
9122003026;MODULO COMPATIVEL COM CISCO GLC-BX40-D-I – 40 KM DOM;;;;;;;;;;;;
9122003006;FILTRO MINI PASSA BANDA 2 CAVIDADES 50W DE POTENCIA FREQ. 360/400MHZ;;;;;;;;;;;;
9122001898;INVERSOR ON-GRID LIVOLTEK GT3-20K-D;;PRODUTO;INVERSOR - GT3;;;;;;;;;
9122001834;"ELETRODUTO RIGIDO PVC PRETO BSP 1/2"" 3M, ROSCAVEL";;;;;;;;;;;;
9122001806;SWITCH DATACOM 2104G2-EDD SERIES II;;;;;;;;;;;;
9122001805;EMENDA OPTICA SC FTTH MONOMODO VERDE APC PASSANTE;;;;;;;;;;;;
9122001804;CABO OPTICO DRO P 1 FIBRA OPTICA MONOMODO (G.657.A2), TUBO UNICO, CAPA LSZH, VAO 80M;;PRODUTO;CABO;;;;;;;;;
9122001803;ALCA PREFORMADA PARA CABO OPTICO;;;;;;;;;;;;
9122001802;KIT ANCORAGEM OLHAL COMPLETO (NAC);;;;;;;;;;;;
9122001801;ABRACADEIRA BAP 3 1,20M - KIT PADRAO TELECOM;;;;;;;;;;;;
9122001800;TERMINADOR OPTICO 6FO;;;;;;;;;;;;
9122001726;FITA PARA ROTULADOR BROTHER, 12MM X 8M, BRANCA, ESCRITA PRETA, M231, BROTHER;;;;;;;;;;;;
9122001725;ROTULADOR ELETRONICO BROTHER PT-M95BK;;;;;;;;;;;;
9122001724;REFIL GAS BUTANO;;;;;;;;;;;;
9122001723;MACARICO PORTATIL COM REGULAGEM GOURMET GAS;;;;;;;;;;;;
9122001722;CADEIRA DOBRAVEL DE METAL ASSENTO PLASTICO CAMPING EVENTOS;;;;;;;;;;;;
9122001721;MESA DOBRAVEL DURATEC ACO HDPE 86CM CAMPING PORTATIL;;;;;;;;;;;;
9122001720;CORDAO OPTICO SIMPLEX SM MONOMODO SC-APC/SC-APC, DIAMETRO 2MM- TAMANHO 2M;;;;;;;;;;;;
9122001719;CAIXA TERMINACAO FIBRA OPTICA ROSETA PTO 2P FTTH BR 86X86X27;;;;;;;;;;;;
9122001687;TERMINAL ELETRICO DO TIPO OLHAL DE COMPRESSAO PARA CABO 35MM² COM FURO 8MM;;;DIVERSOS;TERMINAL ELETRICO DO TIPO OLHAL DE COMPRESSAO PARA CABO 35MM² COM FURO 8MM;;;;;;;;
9122001582;"ELETRODUTO PVC RIGIDO, 3/4"", COM INSTALACAO APARENTE SOBRE A PAREDE";;;;;;;;;;;;
9122000872;TERMINAL TUBULAR ILHOS 6MM;;;;;;;;;;;;
9122000344;ARRUELA LISA GALV. 1/4;;;;;;;;;;;;
9121503080;SUPORTE EM ACO INOX 300MM*50MM*20MM (3051502640);;;;;;;;;;;;
9121503060;ARRUELA DE PRESSAO EM ACO INOX Ø6.1MM;;;;;;;;;;;;
9121503045;RADIO 900MHZ FREQUENCIA NAO LICENCIADA MODELO ECR (ECRU91NNNNNS1D1BRUNNN);;;;;;;;;;;;
9121503043;RADIO 900MHZ FREQUENCIA NAO LICENCIADA, VOLT 10~60VDC, MARCA GE, MODELO MCR (MXNXU91NNNNNNS3BEDUNN);;;;;;;;;;;;
9121502100;CABO COBRE NU 50MM²;;PRODUTO;CABO;;;;;;;;;
9121502060;DPS TIPO II 275VCA 45KA;;;;;;;;;;;;
9121502010;CONECTOR TIPO CUNHA COBRE 50/25;;PRODUTO;CONECTOR;;;;;;;;;
9121500637;INVERSOR ON-GRID LIVOLTEK GT1-10KT1;;PRODUTO;INVERSOR - GT1;;;;;;;;;
9121500219;CABO FOTOVOLTAICO PRETO: 6MM2 COOPER + ESTANHADO;;PRODUTO;KIT SOLAR - CABO;CABO FOTOVOLTAICO PRETO: 6MM2;;;;;;;;
9121500218;CABO FOTOVOLTAICO VERMELHO: 6MM2 COOPER + ESTANHADO;;PRODUTO;KIT SOLAR - CABO;CABO FOTOVOLTAICO VERMELHO: 6MM2;;;;;;;;
9121500086;TAMPA METALICA PARA INVERSOR HYPER-5000 (AC1-AIOR11001);;MATERIA-PRIMA;HYPER 5000;TAMPA METALICA PARA INVERSOR HYPER-5000 (AC1-AIOR11001);;;;;;;;
9121500058;ESTRUTURA METALICA PARA TELHADO CERAMICO;;PRODUTO;KIT SOLAR - TELHADO;ESTRUTURA METALICA PARA TELHADO CERAMICO;;;;;;;;
9121500036;COLUNA DE FIXACAO, DE ACO, PARA MONTAGEM DE ESTRUTURA FIXA DE CARREGADOR VEICULAR;;;DIVERSOS;COLUNA DE FIXACAO, DE ACO, PARA MONTAGEM DE ESTRUTURA FIXA DE CARREGADOR VEICULAR;;;;;;;;
9121317187;ETIQUETA EM ALUMINIO PARA IDENTIFICACAO DO RELAY, LETRAS BRANCAS, FUNDO AZUL;;;;;;;;;;;;
9121317180;ETIQUETA EM ALUMINIO PARA IDENTIFICACAO AO AP, LETRAS BRANCAS, FUNDO AZUL;;;;;;;;;;;;
9121290315;CAIXA PVC OCTAGONAL PASSAGEM PARA TETO (SIGFI) - CAIXA DE LUZ OCTOFONAL 4X4 AMARELA (SIGFI);;;DIVERSOS;CAIXA PVC OCTAGONAL PASSAGEM PARA TETO (SIGFI) - CAIXA DE LUZ OCTOFONAL 4X4 AMARELA (SIGFI);;;;;;;;
9121290310;CAIXA PRFV SIGFI-80;;;DIVERSOS;CAIXA PRFV SIGFI-80;;;;;;;;
9121290290;HASTE TERRA S/ROS.BR.IH-858 5/8' X 2,4 0 MTS;;;DIVERSOS;HASTE TERRA S/ROS.BR.IH-858 5/8' X 2,4 0 MTS;;;;;;;;
9121290281;ABRACADEIRA PARA CABO PP;;;DIVERSOS;ABRACADEIRA PARA CABO PP;;;;;;;;
9121290280;BUCHA NYLON BRANCA DT-8 8MM;;;DIVERSOS;BUCHA NYLON BRANCA DT-8 8MM;;;;;;;;
9121290244;PLACA CEGA 4X2 C/ SUPORTE CANOA;;;DIVERSOS;PLACA CEGA 4X2 C/ SUPORTE CANOA;;;;;;;;
9121290243;PLAFON SOBREPOR PVC NA COR BRANCO COM SOQUETE ROSCA E27;;;DIVERSOS;PLAFON SOBREPOR PVC NA COR BRANCO COM SOQUETE ROSCA E27;;;;;;;;
9121290242;CAIXA PVC RETANGULAR AM 4 X 2;;;DIVERSOS;CAIXA PVC RETANGULAR AM 4 X 2;;;;;;;;
9121290241;INTERRUPTOR PARA ILUMINACAO RESIDENCIAL DE 1 TECLA SOBREPOR;;;DIVERSOS;INTERRUPTOR PARA ILUMINACAO RESIDENCIAL DE 1 TECLA SOBREPOR;;;;;;;;
9121290240;QUADRO DE DISTRIBUICAO EM PVC DE CIRCUITO ELETRICO DO TIPO SOBREPOR PARA ATE 4 DISJUNTORES COM TRILHO DIN;;;DIVERSOS;QUADRO DE DISTRIBUICAO EM PVC DE CIRCUITO ELETRICO DO TIPO SOBREPOR PARA ATE 4 DISJUNTORES COM TRILHO DIN;;;;;;;;
9121290236;CONJUNTO SOB. 1 TOM. 2P+T BC JERI PLUS 10A;;;DIVERSOS;CONJUNTO SOB. 1 TOM. 2P+T BC JERI PLUS 10A;;;;;;;;
9121290235;LAMPADA DE LED 9W MODELO BULBO COM ROSCA E27 6500K BIVOLT;;;DIVERSOS;LAMPADA DE LED 9W MODELO BULBO COM ROSCA E27 6500K BIVOLT;;;;;;;;
9121290224;CABRNAX 90°C 1KV 16,0MM PRETO BB;;;DIVERSOS;CABRNAX 90°C 1KV 16,0MM PRETO BB;;;;;;;;
9121290223;CABRNAX 90°C 1KV 16,0MM VERMELHO BB;;;DIVERSOS;CABRNAX 90°C 1KV 16,0MM VERMELHO BB;;;;;;;;
9121290222;CABO COBRE 1 X 6MM² ISOLACAO 1 KV 90°C - COR VERDE COM AMARELO;;PRODUTO;DIVERSOS - CABO;CABO COBRE 1 X 6MM² ISOLACAO 1 KV 90°C - COR VERDE COM AMARELO;;;;;;;;
9121290221;CABRNAX 90°C 1KV 4,0MM PRETO BB;;;DIVERSOS;CABRNAX 90°C 1KV 4,0MM PRETO BB;;;;;;;;
9121290220;CABRNAX 90°C 1KV 4,0MM AZUL BB;;;DIVERSOS;CABRNAX 90°C 1KV 4,0MM AZUL BB;;;;;;;;
9121290210;ESTRUTURA METALICA PARA TELHADO CERAMICO - PERFIL 2,40;;PRODUTO;KIT SOLAR - TELHADO;ESTRUTURA METALICA PARA TELHADO CERAMICO - PERFIL 2,40;;;;;;;;
9121290203;CABO SOLAR 4MM² ISOLACAO 1,8KVCC 90°C - COR VERMELHO;;PRODUTO;KIT SOLAR - CABO;CABO SOLAR 4MM² ISOLACAO 1,8KVCC 90°C - COR VERMELHO;;;;;;;;
9121290202;CABO SOLAR 4MM² ISOLACAO 1,8KVCC 90°C - COR PRETO;;PRODUTO;KIT SOLAR - CABO;CABO SOLAR 4MM² ISOLACAO 1,8KVCC 90°C - COR PRETO;;;;;;;;
9121290000;BARRAMENTO DE DISTRIBUICAO HC-008 TERRA (VERDE) 6 LIGACOES 80A C/ PROTECAO (CABO 10MM) - FIX. TRILHO;;;;;;;;;;;;
9121280002;CABO FLEXIVEL 4MM² 1KV VERDE;;PRODUTO;CABO;;;;;;;;;
9121280000;CABO MULTINAX FLEX 2X1,50 MM² HEPR 90 ºC 0,6/1 KV;;PRODUTO;CABO;;;;;;;;;
9121261401;CONECTOR DE DERIVACAO TIPO CUNHA ASIMETRICO TIPO G CDC-G-VIAZ - INTELLI;;PRODUTO;CONECTOR;;;;;;;;;
9121261206;TERMINAL ELETRICO PRE ISOLADO TUBULAR TIPO ILHOS LONGO PARA CABO 4MM²;;;;;;;;;;;;
9121261200;TERMINAL ELETRICO DO TIPO OLHAL DE COMPRESSAO PARA CABO 35MM² COM FURO 8MM;;;;;;;;;;;;
9121260900;CONECTOR TORCAO PARA CONDUTORES DE COBRE, 600V, 105 C, PARA CABOS DE 1,5MM2 A 6MM2;;PRODUTO;CONECTOR;;;;;;;;;
9121260801;CABO FLEXIVEL 1KV SIL PT 3 X 4MM;;PRODUTO;DIVERSOS - CABO;CABO FLEXIVEL 1KV SIL PT 3 X 4MM;;;;;;;;
9121260800;CABO FLEXIVEL CL4 1KV HEPR 90°C VEIAS COLOR. PT 3 X 2,5MM;;PRODUTO;DIVERSOS - CABO;CABO FLEXIVEL CL4 1KV HEPR 90°C VEIAS COLOR. PT 3 X 2,5MM;;;;;;;;
9121260622;BARRAMENTO TIPO ALCA COM 8 PARAFUSOS M + 2 PARAFUSO M8;;;DIVERSOS;BARRAMENTO TIPO ALCA COM 8 PARAFUSOS M + 2 PARAFUSO M8;;;;;;;;
9121260621;BARRAMENTO TERRA 06 TERM VERDE FIX 70, 0MM SBT6;;;DIVERSOS;BARRAMENTO TERRA 06 TERM VERDE FIX 70, 0MM SBT6;;;;;;;;
9121260620;BARRAMENTO NEUTRO 06 TERM AZUL FIX 70, 0MM SBN6;;;DIVERSOS;BARRAMENTO NEUTRO 06 TERM AZUL FIX 70, 0MM SBN6;;;;;;;;
9121260614;TERMINAL OLHAL PRE ISOLADO PARA CABO 4-6MM²;;;DIVERSOS;TERMINAL OLHAL PRE ISOLADO PARA CABO 4-6MM²;;;;;;;;
9121260612;TERMINAL TUBULAR ILHOS DUPLO PRE-ISOLADO 6MM;;;DIVERSOS;TERMINAL TUBULAR ILHOS DUPLO PRE-ISOLADO 6MM;;;;;;;;
9121260611;TERMINAL TUBULAR ILHOS PRE-ISOLADO 6MM;;;DIVERSOS;TERMINAL TUBULAR ILHOS PRE-ISOLADO 6MM;;;;;;;;
9121260610;TERMINAL COMPRESSAO M.MAGNET (6306) 16MM;;;DIVERSOS;TERMINAL COMPRESSAO M.MAGNET (6306) 16MM;;;;;;;;
9121260608;TERM.ILH TUB.LJ DPL.ISO. CT-3709 4MM;;;DIVERSOS;TERM.ILH TUB.LJ DPL.ISO. CT-3709 4MM;;;;;;;;
9121260607;TERM.ILHOS TUB.CZ 692815 4MM;;;DIVERSOS;TERM.ILHOS TUB.CZ 692815 4MM;;;;;;;;
9121260606;TERMINAL TUBULAR ILHOS DUPLO 2,5MM;;;DIVERSOS;TERMINAL TUBULAR ILHOS DUPLO 2,5MM;;;;;;;;
9121260605;TERMINAL TUBULAR ILHOS PRE ISOLADO 2,5MM;;;DIVERSOS;TERMINAL TUBULAR ILHOS PRE ISOLADO 2,5MM;;;;;;;;
9121260602;TERMINAL OLHAL A COMPRESSAO PARA CABO 16MM², FURO PARAFUSO M8;;;;;;;;;;;;
9121260601;TERMINAL OLHAL A COMPRESSAO PARA CABO 25MM², FURO PARAFUSO M8;;;;;;;;;;;;
9121260520;TERMINAL PRE ISOLADO FEMEA 0,5-1,5MM², VERMELHO;;;;;;;;;;;;
9121260510;TERMINAL PRE-ISOLADO TIPO ILHOS 2,5MM;;;;;;;;;;;;
9121260505;TERMINAL PRE-ISOLADO TIPO ILHOS TUBULAR PARA CABO 1,5MM² PRETO;;;;;;;;;;;;
9121260504;TERMINAL PRE-ISOLADO TIPO OLHAL TUBULAR PARA CABO 0,5-1,5MM² VERMELHO;;;;;;;;;;;;
9121260503;TERMINAL PRE-ISOLADO TIPO OLHAL TUBULAR 35MM2;;;;;;;;;;;;
9121260502;TERMINAL PRE-ISOLADO TIPO OLHAL TUBULAR 25MM2;;;;;;;;;;;;
9121260501;TERMINAL PRE-ISOLADO TIPO OLHAL TUBULAR 16MM2;;;;;;;;;;;;
9121260500;TERMINAL PRE-ISOLADO TIPO OLHAL TUBULAR 10MM2;;;;;;;;;;;;
9121260404;CONECTOR BORNE SAK PARA CABO 35MM2, FIXACAO DIN;;PRODUTO;CONECTOR;;;;;;;;;
9121260401;CONECTOR BORNE SAK PARA CABO 10MM2, FIXACAO DIN;;PRODUTO;CONECTOR;;;;;;;;;
9121260311;CABO 35MM² ANTICHAMA SEMI RIGIDO, 450/750V COBRE, PVC, CLASSE 2, VERMELHO;;PRODUTO;CABO;;;;;;;;;
9121260310;CABO 35MM² ANTICHAMA SEMI RIGIDO, 450/750V COBRE, PVC, CLASSE 2, PRETO;;PRODUTO;CABO;;;;;;;;;
9121260309;CABO 35MM² ANTICHAMA SEMI RIGIDO, 450/750V COBRE, PVC, CLASSE 2, BRANCO;;PRODUTO;CABO;;;;;;;;;
9121260308;CABO 25MM² ANTICHAMA SEMI RIGIDO, 450/750V COBRE, PVC, CLASSE 2, VERMELHO;;PRODUTO;CABO;;;;;;;;;
9121260307;CABO 25MM² ANTICHAMA SEMI RIGIDO, 450/750V COBRE, PVC, CLASSE 2, PRETO;;PRODUTO;CABO;;;;;;;;;
9121260306;CABO 25MM² ANTICHAMA SEMI RIGIDO, 450/750V COBRE, PVC, CLASSE 2, BRANCO;;PRODUTO;CABO;;;;;;;;;
9121260305;CABO 16MM² ANTICHAMA SEMI RIGIDO, 450/750V COBRE, PVC, CLASSE 2, VERMELHO;;PRODUTO;CABO;;;;;;;;;
9121260304;CABO 16MM² ANTICHAMA SEMI RIGIDO, 450/750V COBRE, PVC, CLASSE 2, PRETO;;PRODUTO;CABO;;;;;;;;;
9121260303;CABO 16MM² ANTICHAMA SEMI RIGIDO, 450/750V COBRE, PVC, CLASSE 2, BRANCO;;PRODUTO;CABO;;;;;;;;;
9121260302;CABO 10MM² ANTICHAMA SEMI RIGIDO, 450/750V COBRE, PVC, CLASSE 2, VERMELHO;;PRODUTO;CABO;;;;;;;;;
9121260301;CABO 10MM² ANTICHAMA SEMI RIGIDO, 450/750V COBRE, PVC, CLASSE 2, PRETO;;PRODUTO;CABO;;;;;;;;;
9121260300;CABO 10MM² ANTICHAMA SEMI RIGIDO, 450/750V COBRE, PVC, CLASSE 2, BRANCO;;PRODUTO;CABO;;;;;;;;;
9121230002;ROLDANA COM ISOLAMENTO DE PORCELANA 72X72MM;;;;;;;;;;;;
9121230001;CONJUNTO ARMACAO METALICA E ISOLADOR VERTICAL ROLDANA DE PORCELANA;;;;;;;;;;;;
9121230000;ALCA PREFORMADA DE ALUMINIO PARA CABO ATE 35MM COM 450MM ALTURA E 3 FIOS DE ALUMINIO;;;;;;;;;;;;
9121201510;TERMOCAPTOR P/ POSTE DE CONCRETO 3 M GALVANIZADO A FOGO;;;;;;;;;;;;
9121200760;PRENSA CABO NYLON PG13.5;;;;;;;;;;;;
9121185031;PARAFUSO CABECA SEXTAVADA M10*200MM EM ACO INOXIDAVEL;;;;;;;;;;;;
9121185007;PROTETOR DE SURTO;;;;;;;;;;;;
9121185003;PARAFUSO DE CABECA QUADRADA - 300 MM;;;;;;;;;;;;
9121185001;PARAFUSO DE CABECA QUADRADA - 125 MM;;;;;;;;;;;;
9121183801;PARAFUSO AUTOBROCANTE M6 X 20MM;;;DIVERSOS;PARAFUSO AUTOBROCANTE M6 X 20MM;;;;;;;;
9121182040;PARAFUSO CAB.CHATA PHS 4,8X50MM D8;;;DIVERSOS;PARAFUSO CAB.CHATA PHS 4,8X50MM D8;;;;;;;;
9121166303;PARAFUSO CABECA SEXTAVADA EM ACO INOX M13*30MM;;;DIVERSOS;PARAFUSO CABECA SEXTAVADA EM ACO INOX M13*30MM;;;;;;;;
9121160120;PARAFUSO FLANG PHILLIPS 4,2 X 13 ZINCADO BRANCO - FIXACAO DAS PLACAS DOS MEDIDORES.;;;;;;;;;;;;
9121112601;PARAFUSO CABECA ESCAREADA Ø4,5 X 23 - FENDA PHILLIPS - ZINCADO BRANCO;;;;;;;;;;;;
9121112600;PARAFUSO CABECA ESCAREADA Ø4,5 X 23 - FENDA PHILLIPS - ZINCADO AMARELO;;;;;;;;;;;;
9121100202;PARAFUSO SEXTAVADO EM ACO INOX M6X16MM;;;;;;;;;;;;
9120901014;POSTE FINAL BORNE K SKEW35;;;DIVERSOS;POSTE FINAL BORNE K SKEW35;;;;;;;;
9120892533;CABO DE REDE CAT5 COM 4 PARES 24 AWG DE DUPLA CAPA BLINDADO PRETO;;PRODUTO;CABO;;;;;;;;;
9120821321;ELETRODUTO SUBTERRANEO CORRUGADO FLEXIVEL 1 POLEGADA;;;DIVERSOS;ELETRODUTO SUBTERRANEO CORRUGADO FLEXIVEL 1 POLEGADA;;;;;;;;
9120821304;SELO FUSIMEC 1/2;;;;;;;;;;;;
9120821303;SUPORTE DE ANTENA PARA CLIENTE POSTE/TORRE CLIENTE;;;;;;;;;;;;
9120819012;TERMINAL COMPRESSAO PARA CABO 10MM TCM-PINO MEDIO;;;;;;;;;;;;
9120819009;"CONDULETE DE PVC DE SOBREPOR, 4 ENTRADAS NA COR PRETO 3/4""";;;;;;;;;;;;
9120819008;"TAMPA CEGA FRONTAL DE PVC NA COR PRETO PARA CONDULETE 3/4""";;;;;;;;;;;;
9120819007;"TAMPAO DE PVC PARA CONDULETE 3/4""";;;;;;;;;;;;
9120819005;POSTE DE FIBRA DE VIDRO 100 DAN, 7 METROS, PADRAO COPEL RAMAL AEREO;;;DIVERSOS;POSTE DE FIBRA DE VIDRO 100 DAN, 7 METROS, PADRAO COPEL RAMAL AEREO;;;;;;;;
9120812002;CONECTOR AMPACTINHO TIPO III - VERMELHO (COD COPEL 15018873);;PRODUTO;CONECTOR;;;;;;;;;
9120812001;CONECTOR AMPACTINHO TIPO IV - AZUL (COD COPEL 15018838);;PRODUTO;CONECTOR;;;;;;;;;
9120697906;BATERIA DE CHUMBO-ACIDO 12V/18AH PARA ODIN-F40;;PRODUTO;BATERIA;;;;;;;;;
9120697905;BATERIA DE CHUMBO-ACIDO 12V/12AH PARA ODIN-F40;;PRODUTO;BATERIA;;;;;;;;;
9120697042;TERMINAL OLHAL PARA CABO 4MM² FURO PARAFUSO M6 (AMARELO);;;;;;;;;;;;
9120697041;TERMINAL ILHOS PARA CABO 4MM² (CINZA);;;;;;;;;;;;
9120697040;TERMINAL ILHOS PARA CABO 1,5MM² DUPLO (PRETO);;;;;;;;;;;;
9120697030;TERMINAL ILHOS DE COBRE ESTANHADO P/ CABO 35MM², CAPA PLASTICA VERMELHO LONGO 25 MM, TUBO, PP, 105C;;;;;;;;;;;;
9120697018;TERMINAL ILHOS DE COBRE ESTANHADO P/ CABO 25MM², CAPA PLASTICA AMARELO LONGO 22 MM, TUBO, PP, 105C;;;;;;;;;;;;
9120697010;TERMINAL ILHOS DE COBRE ESTANHADO P/ CABO 16MM², CAPA PLASTICA AZUL LONGO 22 MM, TUBO, PP, 105C;;;;;;;;;;;;
9120697006;TERMINAL ILHOS DE COBRE ESTANHADO P/ CABO 10MM², CAPA PLASTICA VERMELHO LONGO 22 MM, TUBO, PP, 105C;;;;;;;;;;;;
9120694613;CONECTOR DE EMENDA HASTE/FIO PARA ATERRAMENTO (COD COPEL 15014808);;PRODUTO;CONECTOR;;;;;;;;;
9120694473;ANTENA DIRECIONAL YAGI 380/400MHZ- MODELO DIRU-110/7E FABRICANTE ARS;;;;;;;;;;;;
9120694471;ANTENA DIRECIONAL YAGI 380/400MHZ- MODELO DIRU-120/8E FABRICANTE ARS;;;;;;;;;;;;
9120694470;ANTENA OMNI 300/420MHZ - MODELO G-3F12 FABRICANTE ARS;;;;;;;;;;;;
9120694438;CONVERSOR DC/DC 12V - 24V - 36V PARA 5V-3A COM CONECTOR P4 MACHO 5,5X2,1MM;;;;;;;;;;;;
9120694411;RADIO 900MHZ FREQUENCIA NAO LICENCIADA, VOLTAGEM DE 10~60VDC, MARCA GE, MODELO ECR (ECRU91NNNNNS1D1B;;;;;;;;;;;;
9120694410;RADIO 900MHZ FREQUENCIA NAO LICENCIADA, VOLT 10~60VDC, MARCA GE, MODELO MCR (MXNXU91NNNNNNS3BEDUNN);;;;;;;;;;;;
9120694303;WSG COMPONENTE ANTI-ROUBO ACO INOXIDAVEL SUS304 2,0 MM 30523-WSG-01/30523-WSG-02 (3052303120);;;;;;;;;;;;
9120694060;CONECTOR MACHO RETO PRENSA CABO RIGIDO 1/2;;PRODUTO;CONECTOR;;;;;;;;;
9120694059;"CABO COAXIAL 1/2"""" - CABO LCF 12-50JA COBRE RFS";;PRODUTO;CABO;;;;;;;;;
9120694057;SUPORTE L PARA ANTENA 8 DBI;;;;;;;;;;;;
9120694053;CONECTOR MACHO RETO PRENSA CABO RIGIDO 7/8;;PRODUTO;CONECTOR;;;;;;;;;
9120694052;CABO LMR 400 COM 2 CONECTOR MACHO RETO (6 METROS);;PRODUTO;CABO;;;;;;;;;
9120694051;CABO COAXIAL LMR 400;;PRODUTO;CABO;;;;;;;;;
9120694050;CABO COAXIAL 7/8 - CABO LCF 78-50JA COBRE RFS;;PRODUTO;CABO;;;;;;;;;
9120694045;DISJUNTOR BIPOLAR PARA CORRENTE CONTINUA 20A;;;;;;;;;;;;
9120694044;DISJUNTOR MONO SDD61C20 3KA 20A;;;DIVERSOS;DISJUNTOR MONO SDD61C20 3KA 20A;;;;;;;;
9120694043;DISJUNTOR BIPOLAR SD62 CURVA C 3KA 63A;;;DIVERSOS;DISJUNTOR BIPOLAR SD62 CURVA C 3KA 63A;;;;;;;;
9120694042;DISJUNTOR BIPOLAR SDD62C40 3KA 40A;;;DIVERSOS;DISJUNTOR BIPOLAR SDD62C40 3KA 40A;;;;;;;;
9120694041;MINIDISJUNTOR UNIPOLAR 3KA CURVA C 10A;;;DIVERSOS;MINIDISJUNTOR UNIPOLAR 3KA CURVA C 10A;;;;;;;;
9120694040;MINIDISJUNTOR UNIPOLAR 3KA CURVA C 20A;;;DIVERSOS;MINIDISJUNTOR UNIPOLAR 3KA CURVA C 20A;;;;;;;;
9120693332;DISJUNTOR SERIE SD61 6A 1P CURVA C 3KA 400V - STECK SDZD61C06;;;;;;;;;;;;
9120692962;ALCA PREF DE SERVICO PARA CONDUTOR DE ALUMINIO NU 5AWG 16MM;;;;;;;;;;;;
9120692955;HASTE DE ATERRAMENTO ACO - COBRE 2,40 M;;;;;;;;;;;;
9120692951;PARA-RAIOS CAPTOR TIPO FRANKLIN PARA INSTALACAO EM SUBESTACOES;;;;;;;;;;;;
9120692944;CONECTOR PINO DE TERMINAL 2,5MM2 (AZUL);;PRODUTO;CONECTOR;;;;;;;;;
9120692943;CONECTOR PINO DE TERMINAL 1,5MM2 (VERMELHO);;PRODUTO;CONECTOR;;;;;;;;;
9120692942;CONECTOR FORQUILHA DE TERMINAL 2,5MM2 (AZUL);;PRODUTO;CONECTOR;;;;;;;;;
9120692941;CONECTOR FORQUILHA DE TERMINAL 1,5MM2 (VERMELHO);;PRODUTO;CONECTOR;;;;;;;;;
9120692940;FIO DE ESPINAR DIELETRICO ARAMIDA 2MM;;;;;;;;;;;;
9120692937;CONECTOR TERMINAL DE COMPRESSAO COBRE 16 MM²;;PRODUTO;CONECTOR;;;;;;;;;
9120692918;MAO FRANCESA PLANA REFORCADA 619X32MM;;;;;;;;;;;;
9120692914;CONECTOR ATERRAMENTO CUNHA COBRE - FIO/FIO - 16 MM X 16 MM;;PRODUTO;CONECTOR;;;;;;;;;
9120692804;CABO FLEXIVEL 1.5 VERDE/AMARELO;;PRODUTO;CABO;;;;;;;;;
9120692803;CABO PP 2X1,5 MM2, PRETO E VERMELHO;;PRODUTO;CABO;;;;;;;;;
9120692550;CORDAO OPTICO SIMPLEX SM MONOMODO LC-PC/SC-APC, DIAMETRO 2MM - TAMANHO 10M;;;;;;;;;;;;
9120692536;CABO DE ACO COBREADO P/ ATERRAMENTO BIMETALICO 25 MM², 7 FIOS - 53% IACS;;PRODUTO;CABO;;;;;;;;;
9120692535;CABO DE ACO COBREADO PARA ATERRAMENTO 16MM 7 FIOS;;PRODUTO;CABO;;;;;;;;;
9120692525;CONVERSORES DE TENSAO (24V A 15V 3A);;;;;;;;;;;;
9120692411;CONECTOR EMENDA WAGO 2 VIAS PCT-212;;PRODUTO;CONECTOR;;;;;;;;;
9120692408;"APOIO PARA MASTRO TUBO 1.1/2""";;;;;;;;;;;;
9120692406;"BUCHA DE REDUCAO 1.1/2 X 3/4""";;;;;;;;;;;;
9120692405;"ABRACADEIRA INTERLIGACAO MASTRO SIMPLES 1.1/2""";;;;;;;;;;;;
9120692401;ABRACADEIRA DE NYLON 203 MM DDT - 1750 I3 - COR PRETA;;;;;;;;;;;;
9120692197;CABO ETHERNET CAT5E BLINDADO;;PRODUTO;CABO;;;;;;;;;
9120692196;CONECTOR MACHO PLUG RJ45 CAT5E BLINDADO;;PRODUTO;CONECTOR;;;;;;;;;
9120692082;PLACA DE IDENTIFICACAO DO MEDIDOR - UTILIZACAO APOS A MEDICAO;;;;;;;;;;;;
9120692066;INVERSOR ON-GRID LIVOLTEK GT1-3K6D1;;PRODUTO;INVERSOR - GT1;GT1-3K6D1;;;;;;;;
9120692048;ADAPTADOR C/ CENTELHADOR NA-42-PROTETOR DE SURTO P/ ANTENAS RADIOFREQ. INSTALADO NA BASE DA CAIXA GE;;;;;;;;;;;;
9120692031;BATERIA 12V 5A/H - ACESSORIOS GE;;PRODUTO;BATERIA;;;;;;;;;
9120692030;BATERIA 12V 12A/H - ACESSORIOS GE;;PRODUTO;BATERIA;;;;;;;;;
9120692028;BATERIA RECARREGAVEL DE ION DE LITIO (BLF51-5R31001);;PRODUTO;BATERIA BLF51;;;;;;;;;
9120691418;KIT DE DERIVACAO OPTICA COM SISTEMA DE VEDACAO SVT;;;;;;;;;;;;
9120691416;PROTETOR DE SURTO CLASSE II S/ SINALIZACAO REMOTA275VCA IN=20KA IMAX=45KA;;;DIVERSOS;PROTETOR DE SURTO CLASSE II S/ SINALIZACAO REMOTA275VCA IN=20KA IMAX=45KA;;;;;;;;
9120691415;PROTETOR DE EMENDA OPTICA;;;;;;;;;;;;
9120691414;PROTETOR DE SURTO (DPS) CLAMPER - 014308 - FRONT 275V 45KA;;;;;;;;;;;;
9120691396;FONTE UPS MCE, MODELO CN 12/10, 85-264 VCA, 12VCC/10A;;;;;;;;;;;;
9120690719;SUPORTE DE MONTAGEM GEP70;;;;;;;;;;;;
9120690531;PARA-RAIO 34,5 KV;;;;;;;;;;;;
9120690530;PARA-RAIO 15 KV;;;;;;;;;;;;
9120690519;SUPORTE DE MONTAGEM PT;;;;;;;;;;;;
9120690516;SUPORTE L PARA FIXACAO DE CF EM CRUZETA;;;;;;;;;;;;
9120690508;ADAPTADOR ESTRIBO PARAFUSO PARA CABO DE CU NU 16-50 MM²;;;;;;;;;;;;
9120690507;CRUZETA DE CONCRETO 250 DAN;;;;;;;;;;;;
9120690506;CHAVE FUSIVEL TIPO C 34,5 KV - 300 A PORCELANA C/ PF²;;;;;;;;;;;;
9120690505;CHAVE FUSIVEL TIPO C 15 KV - 300 A PORCELANA C/ PF¹;;;;;;;;;;;;
9120690502;CABO COBRE COBERTO XLPE 90G 15KV 1X 16,00 MM2 CINZA;;PRODUTO;CABO;;;;;;;;;
9120690106;ABRACADEIRA PLASTICA NYLON 300 MM X 8 MM BRANCA;;;DIVERSOS;ABRACADEIRA PLASTICA NYLON 300 MM X 8 MM BRANCA;;;;;;;;
9120690041;ANTENA DIRECIONAL YAGI;;;;;;;;;;;;
9120670125;BORNE PUSH-IN 6MM² 3P COR CINZA 40A;;;DIVERSOS;BORNE PUSH-IN 6MM² 3P COR CINZA 40A;;;;;;;;
9120670123;CONECTOR EMENDA 5 POLOS 6MM;;PRODUTO;DIVERSOS - CONECTOR;CONECTOR EMENDA 5 POLOS 6MM;;;;;;;;
9120670122;CONECTOR EMENDA 3 POLOS 6MM;;PRODUTO;DIVERSOS - CONECTOR;CONECTOR EMENDA 3 POLOS 6MM;;;;;;;;
9120670111;CONECTOR DERIVACAO TIPO CUNHA SIMETRICO - TIPO I - CINZA (93001-6) - INCESA;;PRODUTO;CONECTOR;;;;;;;;;
9120611230;CONVERSOR DE MIDIA SM, MONOFIBRA, SC/APC, PORTA RJ45, 10/100MBPS, 5-12VCC- LADO A- 20KM;;;;;;;;;;;;
9120602400;ANTENA DIRECIONAL YAGI 406-430MHZ- MODELO DIRU-120/8G FABRICANTE ARS;;;;;;;;;;;;
9120590573;ESTRUTURA METALICA SIGFI TORRE EM ALUMINIO E ESTACAS EM ACO GALVANIZADO 150UM PARA 3 MODULOS FV DE 700W 4200 X 2500MM-SS;;PRODUTO;SIGFI;;;;;;;;;
9120590572;TORRE METALICA PARA 4 MODULOS FV (SIGFI);;;DIVERSOS;TORRE METALICA PARA 4 MODULOS FV (SIGFI);;;;;;;;
9120590571;TORRE METALICA PARA 3 MODULOS FV (SIGFI);;;DIVERSOS;TORRE METALICA PARA 3 MODULOS FV (SIGFI);;;;;;;;
9120590570;TORRE METALICA PARA 2 MODULOS FV (SIGFI);;;DIVERSOS;TORRE METALICA PARA 2 MODULOS FV (SIGFI);;;;;;;;
9120590530;TERMINAL OLHAL VERDE 1.5 MM2;;;;;;;;;;;;
9120499911;CAIXAS EM POLICARBONATO PARA DISJUNTORES NEMA E DIN STRAHL - MODELO 3082/FSM - 3/4'';;;;;;;;;;;;
9120484700;CAIXA DE MEDICAO MONOFASICA DE PLASTICO PADRAO COPEL COM VISOR DE VIDRO 430*260*160MM;;;;;;;;;;;;
9120470802;PROTETOR DE ROSCA PARA HIDROMETRO RESIDENCIAL DN20;;;;;;;;;;;;
9120470801;PROTETOR DE ROSCA PARA HIDROMETRO RESIDENCIAL DN15;;;;;;;;;;;;
9120454600;LACRE DE SEGURANCA TRANK 4 (SEM PAV) - ELETRA;;;DIVERSOS;LACRE DE SEGURANCA TRANK 4 (SEM PAV) - ELETRA;;;;;;;;
9120450500;TAMPA P/ CONECTOR DE PASSAGEM 4-10MM CZ;;;DIVERSOS;TAMPA P/ CONECTOR DE PASSAGEM 4-10MM CZ;;;;;;;;
9120400100;CAIXA MULTI INSPECAO 24X24X20CM;;;;;;;;;;;;
9120292901;SUPORTE METALICO PARA BATERIA DE 12AH;;;;;;;;;;;;
9120292409;ARRUELA INOX DE PRESSAO M14;;;DIVERSOS;ARRUELA INOX DE PRESSAO M14;;;;;;;;
9120292408;ARRUELA INOX LISA M14;;;DIVERSOS;ARRUELA INOX LISA M14;;;;;;;;
9120292217;"ABRACADEIRA TIPO D INOX COM PARAFUSO PARA ELETRODUTO 1/2""";;;;;;;;;;;;
9120292216;"ABRACADEIRA TIPO D INOX COM PARAFUSO PARA ELETRODUTO 3/4""";;;;;;;;;;;;
9120292203;ABRACADEIRA GALVANZIADA PARA 1 POLEGADA COM CUNHA;;;DIVERSOS;ABRACADEIRA GALVANZIADA PARA 1 POLEGADA COM CUNHA;;;;;;;;
9120280010;SUPORTE PARA POSTE DUPLO T 195X100;;;;;;;;;;;;
9120280009;SUPORTE PARA POSTE DUPLO T 185X95;;;;;;;;;;;;
9120280008;SUPORTE PARA POSTE DUPLO T 150X85;;;;;;;;;;;;
9120280007;SUPORTE PARA POSTE DUPLO T 140X75;;;;;;;;;;;;
9120276002;TRILHO DIN PERFURADO- 1000 X 35 X 7,5 MM - ZINCADO;;;;;;;;;;;;
9120269429;ARRUELA QUADRADA EM ACO INOXIDAVEL 50MM X 50MM M13;;;;;;;;;;;;
9120266050;TAMPA CIRCULAR EM ACO INOXIDAVEL PARA PADRAO COLETIVO DIAMETRO 50MM, ESPESSURA 1MM;;;;;;;;;;;;
9120265300;SELO EM ALUMINIO DIAMETRO 4MM, COMPRIMENTO 10MM;;;;;;;;;;;;
9120265130;PORCA SEXTAVADA M10 EM ACO INOXIDAVEL;;;;;;;;;;;;
9120265127;PORCA INOX SEXTAVADA CHAVE 14, 3/8 - M14;;;DIVERSOS;PORCA INOX SEXTAVADA CHAVE 14, 3/8 - M14;;;;;;;;
9120262511;SUPORTE COM FIXACAO, EM ACO GALVANIZADO A FOGO, PARA FIXACAO EM TORRE CELESC, FABRICANTE ARS, CODIGO 506649;;;;;;;;;;;;
9120262510;SUPORTE PARA FIXACAO EM POSTE, DA ANTENA YAGI OU PLANO-TERRA, FABRICANTE ARS (CODIGO 41264);;;;;;;;;;;;
9120259002;CINTA POSTE CIRCULAR ACO GALVANIZADO 150 MM;;;;;;;;;;;;
9120258612;CHAPA DE ACO 60X60CM COM PROTECAO POR PINTURA ELETROSTATICA NA COR LARANJA;;;;;;;;;;;;
9120258608;CHAPA DE ACO 1,6 MM² 60CM X 60CM;;;DIVERSOS;CHAPA DE ACO 1,6 MM² 60CM X 60CM;;;;;;;;
9120230221;CONECTOR DERIVACAO PERFURANTE PARA REDE NUA, PRINCIPAL 35 - 95MM2, DERIVACAO 1 - 10MM2;;PRODUTO;CONECTOR;;;;;;;;;
9120230220;"CONECTOR DE COMPRESSAO PARA ATERRAMENTO LIGA DE COBRE - HASTE 1/2"" - 5/8"" DERIVACAO 16-35MM²";;PRODUTO;CONECTOR;;;;;;;;;
9120213002;PLACA PERIGO: RISCO DE CHOQUE ELETRICO COM LOGOMARCA DA COPEL ADESIVO PVC COM PROTECAO UVA/UVB 200X200/2MM DUPLA FACE;;;;;;;;;;;;
9120150000;GABINETE METALICO (P60) EM ACO INOX DIMENSOES 300*300*250MM, COM LOGO COPEL;;;;;;;;;;;;
9120121410;CINTA PARA FIXACAO DO AP, KIT SUPRENS;;;;;;;;;;;;
9111620200;FITA ISOLANTE ALTA FUSAO;;;;;;;;;;;;
9111530001;CABO COBRE 35 MM² 1KV NA COR VERMELHO;;PRODUTO;CABO;;;;;;;;;
9111530000;CABO COBRE 35 MM² 1KV NA COR PRETO;;PRODUTO;CABO;;;;;;;;;
9110990013;CAIXA CONICA EM PVC INSPECAO ATERRAMENTO ELETRICO COM TAMPA 170MM*250MM;;;;;;;;;;;;
9110990011;"BOX RETO PVC PARA ELETRODUTO 3/4"" NA COR PRETO";;;;;;;;;;;;
9110990010;"CURVA 180° ROSCAVEL PVC PARA ELETRODUTO RIGIDO 3/4""";;;;;;;;;;;;
9110990009;"CURVA 90° ROSCAVEL PVC PARA ELETRODUTO RIGIDO 3/4""";;;;;;;;;;;;
9110990008;"LUVA ROSCAVEL PVC PARA ELETRODUTO RIGIDO 1/2"" NA COR PRETO";;;;;;;;;;;;
9110990007;"LUVA ROSCAVEL PVC PARA ELETRODUTO RIGIDO 3/4"" NA COR PRETO";;;;;;;;;;;;
9110914119;POLICARBONATO SEM FIBRA PRETO - EXTRUSADO;;;;;;;;;;;;
9110913000;FITA DE POLIESTER;;;DIVERSOS;FITA DE POLIESTER;;;;;;;;
9110714103;CABO FLEXIVEL 1,5MM² - CLASSE TEMP 70° - AZUL;;PRODUTO;CABO;;;;;;;;;
9110714100;CABO FLEXIVEL 1,5MM² - CLASSE TEMP 70° - VERMELHO;;PRODUTO;CABO;;;;;;;;;
9110241601;FITA DE ACO - LISA 1/2 FUSIMEC;;;;;;;;;;;;
8990025110;TRANSFORMADOR DE CORRENTE 1000/5 A CLASSE 0,2S 5 VA;;;DIVERSOS;TRANSFORMADOR DE CORRENTE 1000/5 A CLASSE 0,2S 5 VA;;;;;;;;
8990020470;CONTATOR ELETRICO PARA COMANDO DE CIRCUITOS E CONTROLE DE GERADORES ATE 1000 V;;;DIVERSOS;CONTATOR ELETRICO PARA COMANDO DE CIRCUITOS E CONTROLE DE GERADORES ATE 1000 V;;;;;;;;
8990011950;INTERRUPTOR SECCIONADOR PARA MANOBRA DE CIRCUITOS ATE 1000 V EM SISTEMAS DE DISTRIBUICAO;;;DIVERSOS;INTERRUPTOR SECCIONADOR PARA MANOBRA DE CIRCUITOS ATE 1000 V EM SISTEMAS DE DISTRIBUICAO;;;;;;;;
8040101110;MODULO FOTOVOLTAICO 700WP BIFACIAL HJT RISEN (RSM132-8-700BHDG);;PRODUTO;KIT SOLAR - PLACA SOLAR;MODULO FOTOVOLTAICO 700WP BIFACIAL HJT RISEN (RSM132-8-700BHDG);;;;;;;;
8020400600;CARREGADOR DE ACUMULADOR (CA) PORTATIL PARA CARREGAR DISPOSITIVOS CONVENCIONAIS CAP. 14,8V/80000MAH;;;DIVERSOS;CARREGADOR DE ACUMULADOR (CA) PORTATIL PARA CARREGAR DISPOSITIVOS CONVENCIONAIS CAP. 14,8V/80000MAH;;;;;;;;
8020400450;DISPOSITIVO FOTOSSENSIVEL SEMICONDUTOR, CELULAS FOTOVOLTAICAS MONTADAS EM PAINEL SOLAR - 100 W;;;DIVERSOS;DISPOSITIVO FOTOSSENSIVEL SEMICONDUTOR, CELULAS FOTOVOLTAICAS MONTADAS EM PAINEL SOLAR - 100 W;;;;;;;;
8020400440;CARREGADOR DE ACUMULADOR (CA) PORTATIL PARA CARREGAR DISPOSITIVOS CONVENCIONAIS CAP. 22,4V/133200MAH;;;DIVERSOS;CARREGADOR DE ACUMULADOR (CA) PORTATIL PARA CARREGAR DISPOSITIVOS CONVENCIONAIS CAP. 22,4V/133200MAH;;;;;;;;
8020400430;CARREGADOR DE ACUMULADOR (CA) PORTATIL PARA CARREGAR DISPOSITIVOS CONVENCIONAIS CAP. 12,8V/130500MAH;;;DIVERSOS;CARREGADOR DE ACUMULADOR (CA) PORTATIL PARA CARREGAR DISPOSITIVOS CONVENCIONAIS CAP. 12,8V/130500MAH;;;;;;;;
8010500490;PARAFUSO AUTOPERFURANTE M6*20MM SEXTAVADO GALVANIZACAO ZINCADO ROSCA COMPLETA;;;DIVERSOS;PARAFUSO AUTOPERFURANTE M6*20MM SEXTAVADO GALVANIZACAO ZINCADO ROSCA COMPLETA;;;;;;;;
8010500480;CHAPA DE ACO METALICA DE 1.6M²;;;DIVERSOS;CHAPA DE ACO METALICA DE 1.6M²;;;;;;;;
8010400660;CONECTOR TERMINAL COMPRESSAO 16MM² TIPO PINO CHATO 750V;;PRODUTO;DIVERSOS - CONECTOR;CONECTOR TERMINAL COMPRESSAO 16MM² TIPO PINO CHATO 750V;;;;;;;;
8010400650;CONECTOR TERMINAL OLHAL 16MM² 750V;;PRODUTO;DIVERSOS - CONECTOR;CONECTOR TERMINAL OLHAL 16MM² 750V;;;;;;;;
8010400640;GRAMPO DE COBRE PARA HASTE DE ATERRAMENTO 5/8;;;DIVERSOS;GRAMPO DE COBRE PARA HASTE DE ATERRAMENTO 5/8;;;;;;;;
8010400620;BORNE DUPLO 2 CONEXOES 6MM² PARA TRILHO DIN 1000V 41A;;;DIVERSOS;BORNE DUPLO 2 CONEXOES 6MM² PARA TRILHO DIN 1000V 41A;;;;;;;;
8010400610;BORNE PUSH IN 3P 6MM PARA TRILHO DIN 1000V 41A;;;DIVERSOS;BORNE PUSH IN 3P 6MM PARA TRILHO DIN 1000V 41A;;;;;;;;
8010400600;CONECTOR DE 8 POSICOES 1000V;;PRODUTO;CONECTOR;;;;;;;;;
8010300790;CABO SOLAR 1,8 KV CC PRETO;;PRODUTO;DIVERSOS - CABO;CABO SOLAR 1,8 KV CC PRETO;;;;;;;;
8010300780;CABO SOLAR 1,8 KV CC VERMELHO;;PRODUTO;KIT SOLAR - CABO;CABO SOLAR 1,8 KV CC VERMELHO;;;;;;;;
7029901620;ETIQUETA ADESIVA DE PAPEL IMPRESSA (TX610);;;;;;;;;;;;
6001016490;MODULO DE ACUMULADORES ELETRICOS LEOCH 7,2KWH 48V 150AH;;;DIVERSOS;MODULO DE ACUMULADORES ELETRICOS LEOCH 7,2KWH 48V 150AH;;;;;;;;
6001015000;"MEDIDOR DE ENERGIA EM CORRENTE CONTINUA DC;DCM230 -2-1;9-40VDC ;5-1000VDC";;;DIVERSOS;"MEDIDOR DE ENERGIA EM CORRENTE CONTINUA DC;DCM230 -2-1;9-40VDC ;5-1000VDC";;;;;;;;
6001014980;"MODULO DE POTENCIA AC/DC 30KW; SAIDA DC 0-1000V;USADO NA ESTACAO MF DC (6001014980)";;;DIVERSOS;"MODULO DE POTENCIA AC/DC 30KW; SAIDA DC 0-1000V;USADO NA ESTACAO MF DC (6001014980)";;;;;;;;
5901017704;FERRAMENTA MANUAL DO TIPO GRAMPO SARGENTO (BAT-TOOL - FERRAMENTA DE SUBSTITUICAO DE KIT DE BATERIA (RELIGADOR) - HXD820);;;;;;;;;;;;
5230007460;CONVERSOR ESTATICO DE POTENCIA TIPO ESTACAO DE RECARGA VEICULAR 180KW 2XCCS2 5M RFID BLUETOOTH 4G;;;;;;;;;;;;
5210200530;TUBO (CARCACA) DE FE. FUNDIDO NAO DUCTIL, FLANGEADO, COM PINT. EPOXI AZUL PARA HID. INDUSTRIAL DN100;;;;;;;;;;;;
5210200510;TUBO (CARCACA) DE FE. FUNDIDO NAO DUCTIL, FLANGEADO, COM PINT. EPOXI AZUL COMP. 200MM PARA HID. INDUSTRIAL DN50;;;;;;;;;;;;
5210101400;TUBETE DE FE FUNDIDO PARA HIDROMETRO INDUSTRIAL DN100 (5210101400);;;;;;;;;;;;
5210101380;TUBO (CARCACA) DE FE. FUNDIDO NAO DUCTIL, FLANGEADO, COM PINT. EPOXI AZUL PARA HID. INDUSTRIAL DN80 - 300MM;;;;;;;;;;;;
5210101360;TUBO (CARCACA) DE FERRO FUNDIDO COM PINTURA ELETROSTATICA PARA HID. INDUSTRIAL DN50 (5210101360);;;;;;;;;;;;
5134001820;TRANSCEIVER DE COMUNICACAO PARA RELIGADOR MODELO (HXD820);;;;;;;;;;;;
5130006820;BASE CHAVE FUSIVEL MODELO C 29KV (RELIGADOR);;;;;;;;;;;;
5130006750;KIT DE BATERIA EXTERNA - RELIGADOR MONOFASICO - HXD820;;;;;;;;;;;;
5130006740;BASE CHAVE FUSIVEL MODELO C 15,5KV (RELIGADOR);;;;;;;;;;;;
5111200856;GAB. METALICO PANTHEON S/TELHADO EM ACO CARB. GALVANIZADO 1,2MM RAL 7035 (2000H) (5111200856);;;;;;;;;;;;
5110017930;GABINETE METALICO (P60) ACO INOX(SUS201, DIMENSOES 300 * 300 * 250 MM (5110017930);;;;;;;;;;;;
5051600600;RELE ELETROMECANICO TRIFASICO C/BLINDAGEM ANTIMAGNETICA E TC ACOPLADO 12V 250V 120A PTH (5051600600);;;;;;;;;;;;
5051600460;RELE ELETROMECANICO TRIFASICO COM TC ACOPLADO EM CADA FASE 12V 250V 120A PTH (5051600460);;;;;;;;;;;;
5051400720;SCJ. PONTES DE COBRE FASES A B C TERMINAIS DE LATAO TRANSF. CORRENTE 7PIN 20A 240V PTH (5051400720);;;;;;;;;;;;
5051400610;PONTE DE COBRE FASE B TERMINAIS DE LATAO TRANSF. BLINDADO CONEC. 2PIN 20A 240V PTH (5051400610);;;;;;;;;;;;
5051400600;PONTE DE COBRE FASE A TERMINAIS DE LATAO TRANSF. BLINDADO CONEC. 2PIN 20A 240V PTH (5051400600);;;;;;;;;;;;
5041600260;RELE ELETROMECANICO COM BLINDAGEM ANTIMAGNETICA SHUNT E TC ACOPLADO 12V 250V 120A PTH (5041600260);;;;;;;;;;;;
5040902330;SCJ. BLOCO DE TERMINAIS MEDIDOR HXE12DL TC ASSIMETRICO 100A C/ PONTE DE COBRE NEUTRO (5040902330);;;;;;;;;;;;
4010401450;CARRINHO DE TRANSPORTE PARA MOTOR DE POPA;;PRODUTO;MOTOR DE BARCO - CARRINHO;CARRINHO DE TRANSPORTE PARA MOTOR DE POPA;;;;;;;;
4010104440;GABARITO DE PASTA DE SOLDA SMD - STENCIL, DE ACO, OBTIDO POR DOBRAGEM;;;;;;;;;;;;
3990200220;ARRUELA LISA Ø6MM - PADRAO ASME B18 - ACO INOX (3990200220);;;;;;;;;;;;
3990033500;"PARTE EXCLUSIVA DE CONVERSORES ELETRICOS ESTATICOS TRAVA ELETRONICA;TENSAO NOMINAL 12V DC;TENSAO DE ALIMENTACAO:9-16V";;;DIVERSOS;"PARTE EXCLUSIVA DE CONVERSORES ELETRICOS ESTATICOS TRAVA ELETRONICA;TENSAO NOMINAL 12V DC;TENSAO DE ALIMENTACAO:9-16V";;;;;;;;
3990028680;INVERSOR OFF-GRID BV1-3K48L1 (3990028680);;PRODUTO;INVERSOR;;;;;;;;;
3142100700;TUBO (CARCACA) DE LATAO PARA HIDROMETRO (CONTADORES DE LIQUIDOS) RESIDENCIAL DN15, COMPRIMENTO 165MM;;;;;;;;;;;;
3111508070;SEPARADOR EM EPE 970×340×260 MM PARA PROTECAO INTERNA DE EQUIPAMENTOS DURANTE TRANSPORTE.;;;;;;;;;;;;
3111508050;SEPARADOR EM EPE 970×340×250 MM PARA PROTECAO INTERNA DE EQUIPAMENTOS DURANTE TRANSPORTE;;;;;;;;;;;;
3100703570;CARTAO DE ACIONAMENTO POR APROXIMACAO PVC, 85.5*54MM, PADRAO LIVOLTEK;;;DIVERSOS;CARTAO DE ACIONAMENTO POR APROXIMACAO PVC, 85.5*54MM, PADRAO LIVOLTEK;;;;;;;;
3090901050;"CABO DE CARREGAMENTO COM CONECTOR CCS 2; 250A; 1000V; IP54; COR PRETO; 5M";;PRODUTO;DIVERSOS - CABO;"CABO DE CARREGAMENTO COM CONECTOR CCS 2; 250A; 1000V; IP54; COR PRETO; 5M";;;;;;;;
3090901020;"CABO CONDUTOR ELETRICO MUNIDO DE PECAS DE CONEXAO, PARA UMA TENSAO DE ATE 1000V, CORRENTE 200A, CARREGAMENTO CCS 2. 5M;";;PRODUTO;DIVERSOS - CABO;"CABO CONDUTOR ELETRICO MUNIDO DE PECAS DE CONEXAO, PARA UMA TENSAO DE ATE 1000V, CORRENTE 200A, CARREGAMENTO CCS 2. 5M;";;;;;;;;
3090601900;CABO DE 4 NUCLEOS, SAIDA DE PULSO 4*0,3MM(3090601900).;;PRODUTO;CABO;;;;;;;;;
3090515080;CABO ESPECIAL DE COMUNICACAO ENTRE BATERIA E INVERSOR;;PRODUTO;DIVERSOS - CABO;CABO ESPECIAL DE COMUNICACAO ENTRE BATERIA E INVERSOR;;;;;;;;
3090514610;CABO DE BACKUP DA BATERIA COM PECAS DE CONEXAO;;PRODUTO;DIVERSOS - CABO;CABO DE BACKUP DA BATERIA COM PECAS DE CONEXAO;;;;;;;;
3090514600;CABO DE ENERGIA DE 3 METROS COM PECAS DE CONEXAO;;PRODUTO;DIVERSOS - CABO;CABO DE ENERGIA DE 3 METROS COM PECAS DE CONEXAO;;;;;;;;
3090510710;CABO DE COMUNICACAO DA BATERIA COM PECAS DE CONEXAO;;PRODUTO;DIVERSOS - CABO;CABO DE COMUNICACAO DA BATERIA COM PECAS DE CONEXAO;;;;;;;;
3090111330;CABO DE ALIMENTACAO (3090111330);;PRODUTO;CABO;;;;;;;;;
3090104280;SCJ. PONTE DE COBRE ESTANHADA - FASE C - HIGH END (3090104280);;;;;;;;;;;;
3090104270;SCJ. PONTE DE COBRE ESTANHADA - FASE B - HIGH END (3090104270);;;;;;;;;;;;
3090104260;SCJ. PONTE DE COBRE ESTANHADA - FASE A - HIGH END (3090104260);;;;;;;;;;;;
3080902100;ANEL DE VEDACAO DO CONE DE NARIZ DE BORRACHA (92.5*3.55);;;DIVERSOS;ANEL DE VEDACAO DO CONE DE NARIZ DE BORRACHA (92.5*3.55);;;;;;;;
3080902070;ANEL DE VEDACAO DO CONE DE NARIZ DE BORRACHA (69*3.55);;;DIVERSOS;ANEL DE VEDACAO DO CONE DE NARIZ DE BORRACHA (69*3.55);;;;;;;;
3080702490;VEDACAO DE BORRACHA PARA CONJUNTO DE PROPULSAO;;;DIVERSOS;VEDACAO DE BORRACHA PARA CONJUNTO DE PROPULSAO;;;;;;;;
3080104830;EMPUNHADURA DE BORRACHA PARA FIXACAO DO PROPULSOR;;;DIVERSOS;EMPUNHADURA DE BORRACHA PARA FIXACAO DO PROPULSOR;;;;;;;;
3070500161;ABRACADEIRA DE NYLON 4X200MM PA66 BRANCA (3070500161);;;DIVERSOS;ABRACADEIRA DE NYLON 4X200MM PA66 BRANCA (3070500161);;;;;;;;
3062000540;BLOCO DE PRESSAO METALICO PARA PROPULSOR DE EMBARCACAO;;;DIVERSOS;BLOCO DE PRESSAO METALICO PARA PROPULSOR DE EMBARCACAO;;;;;;;;
3061901900;CONE DE NARIZ METALICO PARA PROPULSOR DE MOTOR DE BARCO;;;DIVERSOS;CONE DE NARIZ METALICO PARA PROPULSOR DE MOTOR DE BARCO;;;;;;;;
3061901880;HELICE MEDIA METALICA PARA PROPULSOR DE MOTOR DE BARCO;;;DIVERSOS;HELICE MEDIA METALICA PARA PROPULSOR DE MOTOR DE BARCO;;;;;;;;
3061901200;Estrutura de aço galvanizado pintado de preto inferior 465*425*166.5 30619-GT110KT2-02 (3061901200);105383;PRODUTO;DIVERSOS;Estrutura de aço galvanizado pintado de preto inferior 465*425*166.5 30619-GT110KT2-02 (3061901200);;;;;;;;
3061700120;POSTE FINAL PARA TRILHO DIN;;;DIVERSOS;POSTE FINAL PARA TRILHO DIN;;;;;;;;
3051701630;ARO SUS304 DE ACO INOXIDAVEL 0,3MM 1100*10MM 30517-BXI-03 FORMA DE DENTE (3051701630);;;DIVERSOS;ARO SUS304 DE ACO INOXIDAVEL 0,3MM 1100*10MM 30517-BXI-03 FORMA DE DENTE (3051701630);;;;;;;;
3051506540;GRAMPO EM ACO INOXIDAVEL SUS304 - DIMENSOES: 2,0MM 345MM 40X40MM PARA AP1000 (3051506540);;;;;;;;;;;;
3051506010;SUPORTE DE MONTAGEM (LONGO) SUS304 DE ACO INOXIDAVEL 1,2 MM 224×60×102MM 30515-EA7 (3051506010);;;DIVERSOS;SUPORTE DE MONTAGEM (LONGO) SUS304 DE ACO INOXIDAVEL 1,2 MM 224×60×102MM 30515-EA7 (3051506010);;;;;;;;
3043500400;BRACADEIRA METALICA DA HELICE DO PROPULSOR;;;DIVERSOS;BRACADEIRA METALICA DA HELICE DO PROPULSOR;;;;;;;;
3043500390;BLOCO ANTICORROSAO METALICO DA HELICE DO PROPULSOR;;;DIVERSOS;BLOCO ANTICORROSAO METALICO DA HELICE DO PROPULSOR;;;;;;;;
3042706160;PONTE DE COBRE BARRAMENTO FASE A COBRE T2 3MM 496.4*95*43MM PESO 377G COM ISOLAMENTO (3042706160);;;;;;;;;;;;
3042706150;PONTE DE COBRE BARRAMENTO FASE C COBRE T2 3MM 515.6*61.5*43MM PESO 362G COM ISOLAMENTO (3042706150);;;;;;;;;;;;
3042706140;PONTE DE COBRE BARRAMENTO FASE B COBRE T2 3MM 506*78*42MM PESO 370G COM ISOLAMENTO (3042706140);;;;;;;;;;;;
3042702220;PONTE DE COBRE BARRAMENTO NEUTRO T2 3MM 504*48*43MM;;;;;;;;;;;;
3042306070;CONECTOR TERMINAL ILHOS TUBULAR 4-6MM² 750V;;PRODUTO;DIVERSOS - CONECTOR;CONECTOR TERMINAL ILHOS TUBULAR 4-6MM² 750V;;;;;;;;
3042305120;TERMINAL TUBULAR 6MM² ISOLADO 12MM (E6012) (3042305120);;;DIVERSOS;TERMINAL TUBULAR 6MM² ISOLADO 12MM (E6012) (3042305120);;;;;;;;
3042303700;TRILHO DIN 35MM PERFURADO;;;DIVERSOS;TRILHO DIN 35MM PERFURADO;;;;;;;;
3042302970;CONECTOR TERMINAL PRE-ISOLADO SIMPLES ESTANHADO ISOLADO 750V;;PRODUTO;DIVERSOS - CONECTOR;CONECTOR TERMINAL PRE-ISOLADO SIMPLES ESTANHADO ISOLADO 750V;;;;;;;;
3041501590;CHAPA METALICA ANTI-MAGNETICA EM ACO CARBONO ESPESSURA 2MM 40X40MM (3041501590);;;;;;;;;;;;
3040900010;PARTE METALICA PARA PORTA OPTICA (3040900010);;;;;;;;;;;;
3040702430;TERMINAL DE CORRENTE - MEDIDOR POLI - LATAO NIQUELADO 5N.M (3040702430);;;;;;;;;;;;
3040702390;TERMINAL DE CORRENTE LATAO NIQUELADO H62, DIMENSAO 40,6X38X21MM, TORQUE 22N (3040702390);;;;;;;;;;;;
3040702190;TERMINAL DE CORRENTE - MEDIDOR POLI - ZINCO NIQUEL 5N.M (3040702190);;;;;;;;;;;;
3040502530;TERMINAL DE COMUNICACAO RIGIDO MEDIDOR HXE12DL 4.1*5.1*20.9MM F1.6*18.7 30405-DX70-06 (3040502530);;;;;;;;;;;;
3040501440;TERMINAL DE COMUNICACAO RIGIDO MEDIDOR HXE12DL 4,1*8,3*16,8 MM F1.6*16.6 30405-DX70-04 (3040501440);;;;;;;;;;;;
3040303790;PONTE DE COBRE NEUTRO ESTANHADA C/PINO RIGIDO PARA CONEXAO 41,4X31,8X25MM 120A 240V PTH (3040303790);;;;;;;;;;;;
3040303740;PONTE DE COBRE NEUTRO ESTANHADA 54,6X38X5MM FIO PRETO (100MM) 200A 240V PTH (3040303740);;;;;;;;;;;;
3040303540;PONTE DE COBRE NEUTRO ESTANHADO - CRONOS 7022NG 2MM 31*25*15 13G 30403-ED73-01 (3040303540) PTH;;;;;;;;;;;;
3040303370;PONTE DE COBRE FASE C ESTANHADA 94,8X90X5MM FIO VERMELHO (100MM) 200A 240V PTH (3040303370);;;;;;;;;;;;
3040301130;PONTE DE COBRE ESTANHADA DO NEUTRO HIGH END POLIFASICO (3040301130);;;;;;;;;;;;
3032702420;PARAFUSO M6X20MM DE ACO CARBONO COM ACABAMENTO ZINCADO TRIVALENTE;;;DIVERSOS;PARAFUSO M6X20MM DE ACO CARBONO COM ACABAMENTO ZINCADO TRIVALENTE;;;;;;;;
3032702090;PARAFUSO COMPOSTO M5X12MM - ZINCADO BRANCO (3032702090);;;;;;;;;;;;
3031702570;PINO CILINDRICO ROSCADO DE ACO CARBONO COM ACABAMENTO ZINCADO TRIVALENTE;;;DIVERSOS;PINO CILINDRICO ROSCADO DE ACO CARBONO COM ACABAMENTO ZINCADO TRIVALENTE;;;;;;;;
3031301750;ARRUELA DE PRESSAO F5,1 MM, ACO INOXIDAVEL SUS 304 PASSIVADO (3031301750);;;;;;;;;;;;
3031300280;ARRUELA DE PRESSAO EM ACO INOX Ø6.1MM (3031300280);;;;;;;;;;;;
3031101950;ARRUELA LISA EM ACO INOX Ø10.5MM 20MM*2MM (3031101950);;;;;;;;;;;;
3031101930;ARRUELA LISA EM ACO INOX Ø6.4MM*12MM*1.6MM (3031101930);;;;;;;;;;;;
3031101920;ARRUELA LISA Ø5,3 MM, Ø10 MM X 1 MM - ACO INOXIDAVEL SUS 304 PASSIVADO (3031101920);;;;;;;;;;;;
3031100260;ARRUELA LISA EM ACO CARBONO Q235 Ø5.2MM*15MM*1MM (3031100260);;;;;;;;;;;;
3030903110;PORCA AUTO-TRAVANTE DE ACO CARBONO COM ACABAMENTO ZINCADO TRIVALENTE;;;DIVERSOS;PORCA AUTO-TRAVANTE DE ACO CARBONO COM ACABAMENTO ZINCADO TRIVALENTE;;;;;;;;
3030900500;PORCA REDONDA M4 F5,8 MM 6,0 MM LATAO HPB59-1 DECAPAGEM SEM PADRAO 30309-HXTY-06 (3030900500);;;;;;;;;;;;
3030702210;PARAFUSO DE EXPANSAO M6*60 ACO INOXIDAVEL SUS304 MEIA ROSCA (3030702210);;;DIVERSOS;PARAFUSO DE EXPANSAO M6*60 ACO INOXIDAVEL SUS304 MEIA ROSCA (3030702210);;;;;;;;
3030502830;PARAFUSO M4*20MM CABECA CILINDRICA, FENDA CRUZADA, F6MM F2.2MM ACO CARBONO 1022 (3030502830);;;;;;;;;;;;
3030501480;PARAFUSO M4*12MM CABECA CILINDRICA, F6MM F2.2MM ACO CARBONO 1022 30305-HXTY-09 (3030501480);;;;;;;;;;;;
3030303170;PARAFUSO PIERCE EM ACO AUTOATARRAXANTE ROSCA PARCIAL - 20MM - FENDA SIMP. ZINC. AMARELO (3030303170);;;;;;;;;;;;
3030110040;PARAFUSO TERMINAL DE CORRENTE MEDIDOR INDIRETO M4*9 FENDA CRUZADA ZINCO NIQUEL THS (3030110040);;;;;;;;;;;;
3030109940;PARAFUSO EM ACO INOX HEADLESS M10*400MM (3030109940);;;;;;;;;;;;
3030109900;PARAFUSO EM ACO INOX M6*16MM (3030109900);;;;;;;;;;;;
3030109560;PARAFUSO DO TERMINAL DE CORRENTE - FENDA SIMPLES - ZINCO NIQUEL (3030109560);;;;;;;;;;;;
3030107520;PARAFUSO PARA TERMINAIS M6X15MM - LATAO NIQUELADO (3030107520);;;;;;;;;;;;
3030106390;PARAFUSO DE ACO INOXIDAVEL M6 Ø6,5MM (3030106390);;;;;;;;;;;;
3030105810;PARAFUSO CABECA CILINDRICA FENDA CRUZADA M3X5 - ZINCADO BRANCO (3030105810);;;;;;;;;;;;
3030105660;PARAFUSO ALLEN TERMINAL ACO INOX MEDIDOR ARES 30/200 (3030105660);;;;;;;;;;;;
3030104520;PARAFUSO CABECA TIPO PANELA, Ø7MM, M5*12 MM, FENDA CRUZADA, ACO CARBONO 1022 GALVANIZADO (3030104520;;;;;;;;;;;;
3030104490;PARAFUSO CABECA TIPO PANELA - M5*8 MM - FENDA CRUZADA - ACO CARBONO 1022 GALVANIZADO (3030104490);;;;;;;;;;;;
3030104220;PARAFUSO M3X0,8 PARA FIXACAO DAS PONTES NO BLOCO MEDIDOR ARES 30/200 (M03.08.02H-1-1);;;;;;;;;;;;
3030101750;PARAFUSO SEXTAVADO M5X10 ACO INOX (3030101750);;;DIVERSOS;PARAFUSO SEXTAVADO M5X10 ACO INOX (3030101750);;;;;;;;
3030100430;PARAFUSO PIERCE PARA TAMPA PRINCIPAL POLI NOVO CRONOS THC (8.910.0420.2G-1-1) (3030100430);;;;;;;;;;;;
3030100420;PARAFUSO PIERCE PARA TAMPA PRINCIPAL MONO NOVO CRONOS THC (8.910.0410.5G-1-1) (3030100420);;;;;;;;;;;;
3028100409;PLACA DE PRESSAO ESTANQUE PLASTICA PARA CONJUNTO DE PROPULSAO;;;DIVERSOS;PLACA DE PRESSAO ESTANQUE PLASTICA PARA CONJUNTO DE PROPULSAO;;;;;;;;
3028100310;HELICE DE PLASTICO PARA MOTOR DE BARCO;;;DIVERSOS;HELICE DE PLASTICO PARA MOTOR DE BARCO;;;;;;;;
3028100290;CONE DE NARIZ DE PLASTICO PARA PROPULSOR DE MOTOR DE BARCO;;;DIVERSOS;CONE DE NARIZ DE PLASTICO PARA PROPULSOR DE MOTOR DE BARCO;;;;;;;;
3028100149;ALCA DE AJUSTE PLASTICA PARA CONJUNTO DE PROPULSAO;;;DIVERSOS;ALCA DE AJUSTE PLASTICA PARA CONJUNTO DE PROPULSAO;;;;;;;;
3023702160;FOLHA DE ISOLAMENTO 0,3MM PESO 6,3G PC PRETO UL94-V0 (3023702160);;;;;;;;;;;;
3023303010;SUPORTE PARA LCD HXE 12DL (3023303010) PTH;;;;;;;;;;;;
3022500339;BASE DO MODULO ZEUS (3022500339);;;;;;;;;;;;
3013603080;TRANSFORMADOR DE CORRENTE BH50I-1000A/5A MONOFASICO CLASSE 0.5;;;DIVERSOS;TRANSFORMADOR DE CORRENTE BH50I-1000A/5A MONOFASICO CLASSE 0.5;;;;;;;;
3013603050;TC BIPARTIDO 500/5 CLASSE 0.5 COM DERIVACAO PARA MEDICAO DE TENSAO, COMPRIMENTO 4M;;;;;;;;;;;;
3013601960;TC BIPARTIDO 500/5 CLASSE 0.5 COM DERIVACAO P/ MEDICAO DE TENSAO, COMP. 3,5M (3013601960);;;;;;;;;;;;
3013500620;"FUSIVEL PARA UMA TENSAO NAO SUPERIOR A 1000V ;SEV-43F-250/1000;DC;250.0A;ROHS(3013500620)";;;DIVERSOS;"FUSIVEL PARA UMA TENSAO NAO SUPERIOR A 1000V ;SEV-43F-250/1000;DC;250.0A;ROHS(3013500620)";;;;;;;;
3013500320;"FUSIVEL; SEV-43F-1000V;1000V;400.0A;ROHS";;;DIVERSOS;"FUSIVEL; SEV-43F-1000V;1000V;400.0A;ROHS";;;;;;;;
3013400100;"RELE (CONTATOR) PARA UMA TENSAO DE ATE 1000V DC;12~1000VDC;CE;ROHS (3013400100)";;;DIVERSOS;"RELE (CONTATOR) PARA UMA TENSAO DE ATE 1000V DC;12~1000VDC;CE;ROHS (3013400100)";;;;;;;;
3013400040;"RELE (CONTATOR) PARA UMA TENSAO DE ATE 400V CONTROLE DA FONTE DE ALIMENTACAO DO MODULO DE CARREGAMENTO;AC 400V;3P; (3013";;;DIVERSOS;"RELE (CONTATOR) PARA UMA TENSAO DE ATE 400V CONTROLE DA FONTE DE ALIMENTACAO DO MODULO DE CARREGAMENTO;AC 400V;3P; (3013";;;;;;;;
3013200750;"DISPOSITIVO DE PROTECAO CONTRA SURTOS (DPS);70.3*99.7*67";;;DIVERSOS;"DISPOSITIVO DE PROTECAO CONTRA SURTOS (DPS);70.3*99.7*67";;;;;;;;
3013200360;DISPOSITIVO DE PROTECAO CONTRA SURTOS DPS CLASSE II 275V QUADRIPOLAR;;;DIVERSOS;DISPOSITIVO DE PROTECAO CONTRA SURTOS DPS CLASSE II 275V QUADRIPOLAR;;;;;;;;
3013200300;DPS CC LIVOLTEK LSP-40 2P 600V 40KA (LSP-40/2) (3013200300);;;DIVERSOS;DPS CC LIVOLTEK LSP-40 2P 600V 40KA (LSP-40/2) (3013200300);;;;;;;;
3013100020;INTERRUPTOR SECCIONADOR DC PEDS150-HM3;;;DIVERSOS;INTERRUPTOR SECCIONADOR DC PEDS150-HM3;;;;;;;;
3013000870;INTERRUPTOR SECCIONADOR DC PEDS150H-HM50-6F;;;DIVERSOS;INTERRUPTOR SECCIONADOR DC PEDS150H-HM50-6F;;;;;;;;
3012103900;TERMINAL ELETRICO MC4 MACHO;;;DIVERSOS;TERMINAL ELETRICO MC4 MACHO;;;;;;;;
3012103890;CONECTOR MC4 FEMEA;;PRODUTO;KIT SOLAR - CONECTOR;CONECTOR MC4 FEMEA;;;;;;;;
3012103860;CONECTOR MC4 MACHO;;PRODUTO;KIT SOLAR - CONECTOR;CONECTOR MC4 MACHO;;;;;;;;
3012103830;TERMINAL ELETRICO MC4 FEMEA;;;DIVERSOS;TERMINAL ELETRICO MC4 FEMEA;;;;;;;;
3012102500;CONECTOR PARA CABO DE REDE (3012102500);;PRODUTO;CONECTOR;;;;;;;;;
3012002410;"PARTE DO CARREGADOR MOTION FAST DC; DISJUNTOR DE CORRENTE RESIDUAL CAIXA MOLDADA TRIPOLAR; 250A; 30MA; TIPO A";;PRODUTO;DIVERSOS;"PARTE DO CARREGADOR MOTION FAST DC; DISJUNTOR DE CORRENTE RESIDUAL CAIXA MOLDADA TRIPOLAR; 250A; 30MA; TIPO A";;;;;;;;
3012001050;"DISJUNTOR CAIXA MOLDADA; CDM6H-250M/3308;250.0A;3P;50KA;ROHS (3012001050)";;;DIVERSOS;"DISJUNTOR CAIXA MOLDADA; CDM6H-250M/3308;250.0A;3P;50KA;ROHS (3012001050)";;;;;;;;
3011901840;"BOTAO DE EMERGENCIA; NP4-11ZS/1;RED;38*31*64MM;ROHS (3011901840)";;;DIVERSOS;"BOTAO DE EMERGENCIA; NP4-11ZS/1;RED;38*31*64MM;ROHS (3011901840)";;;;;;;;
3011800300;"VENTILADOR TIPO COOLER FAN ;175*150*51;1.9A;24V;66.4DB;354.71;400.0MM;70000HRS AT 40?;ROHS(3011800300)";;;DIVERSOS;"VENTILADOR TIPO COOLER FAN ;175*150*51;1.9A;24V;66.4DB;354.71;400.0MM;70000HRS AT 40?;ROHS(3011800300)";;;;;;;;
3010914690;DISJUNTOR MONOPOLAR CA 415V 20A;;;DIVERSOS;DISJUNTOR MONOPOLAR CA 415V 20A;;;;;;;;
3010914640;DISJUNTOR BIPOLAR CC 1000V 63A;;;DIVERSOS;DISJUNTOR BIPOLAR CC 1000V 63A;;;;;;;;
3010913290;MINI DISJUNTOR CC LIVOLTEK LTB2Z-63 2P 1000V 40A (LTB2Z-63 -40A) (3010913290);;;DIVERSOS;MINI DISJUNTOR CC LIVOLTEK LTB2Z-63 2P 1000V 40A (LTB2Z-63 -40A) (3010913290);;;;;;;;
3010913140;"DISJUNTOR DIN; 16A;1P+N;6,10KA;CDB6HLES-63;ROHS (3010913140)";;;DIVERSOS;"DISJUNTOR DIN; 16A;1P+N;6,10KA;CDB6HLES-63;ROHS (3010913140)";;;;;;;;
3010913120;"DISJUNTOR DIN ;40A;3P;6KA;CDB6I;ROHS.(3010913120)";;;DIVERSOS;"DISJUNTOR DIN ;40A;3P;6KA;CDB6I;ROHS.(3010913120)";;;;;;;;
3010502890;PONTE DE COBRE FASE C (SHUNT) 120A 120UR 0MM ESTANHADO LNNL 23,3G 30105-ED73-07 (3010502890) PTH;;;;;;;;;;;;
3010502880;PONTE DE COBRE FASE B (SHUNT) 120A 120UR 0MM ESTANHADO LNNL 36,8G 30105-ED73-06 (3010502880) PTH;;;;;;;;;;;;
3010502820;PONTE DE COBRE FASE ESTANHADO CORRENTE MAX. 100A 180UR LLNN 22,0G 30105-DX70-07 PTH (3010502820);;;;;;;;;;;;
3010502720;PONTE DE COBRE FASE A ESTANHADO CORRENTE MAX. 120A S/ ISOLACAO APLICADO ATE 240V PTH (3010502720);;;;;;;;;;;;
3010502710;PONTE DE COBRE FASE B ESTANHADO CORRENTE MAX. 120A S/ ISOLACAO APLICADO ATE 240V PTH (3010502710);;;;;;;;;;;;
3010502700;PONTE DE COBRE FASE C ESTANHADO CORRENTE MAX. 120A S/ ISOLACAO APLICADO ATE 240V PTH (3010502700);;;;;;;;;;;;
3010500400;PONTE DE COBRE (FASE) SHUNT- MEDIDOR MONOFASICO HIGH END (3010500400);;;;;;;;;;;;
3010315200;"RELE PARA UMA TENSAO DE ATE 12V DC; 10A;CZT08A-02+NG102;ROHS (3010315200)";;;DIVERSOS;"RELE PARA UMA TENSAO DE ATE 12V DC; 10A;CZT08A-02+NG102;ROHS (3010315200)";;;;;;;;
3010314420;RELE 100A 12V (180µO) 30103-EQ70-01 PROT. MAGNETICA PTH (3010314420);;;;;;;;;;;;
3010313960;RELE 100A 12V (180µO) 30103 DH70 02 FASE 2 PTH (3010313960);;;;;;;;;;;;
3010313950;RELE 100A 12V (180µO) 30103 DH70 03 FASE 1 PTH (3010313950);;;;;;;;;;;;
3010312910;RELE 100A 12V (120µO) 30103 EN70 01 (3010312910) PTH;;;;;;;;;;;;
3010300510;RELE 120A ,120 12VDC 5.565.015-J17 PTH (3010300510);;;;;;;;;;;;
3010300500;RELE 100A 12V 180 5.565.314-C62 PTH (3010300500);;;;;;;;;;;;
3010107170;TRANSFORMADOR ELETRICO DE CORRENTE COR. NOMINAL 30A COR. MAXIMA 200A 30(200)A/7,5MA PTH (3010107170);;;;;;;;;;;;
3010106530;TRANSFORMADOR ELETRICO DE CORRENTE COR. NOMINAL 30A COR. MAXIMA 200A 30(200)A/12MA C/ BLINDAGEM (3010106530);;;;;;;;;;;;
3010101430;TC - TRANSFORMADOR DE CORRENTE 5(120)A,2MA,20R,0.1,6.AK.00 HIGH END (3010101430);;;;;;;;;;;;
2150165830;PLACA DE CIRCUITO IMPRESSO 2 310.33MM*167.13MM*1.6MM/2 NAO-ROHS (2150165830) SMT;;;;;;;;;;;;
2150160520;PLACA DE CIRCUITO IMPRESSO 2 247.0MM*236.0MM*1.6MM/4 NAO-ROHS (2150160520) SMT;;;;;;;;;;;;
2150155850;PLACA DE CIRCUITO IMPRESSO 2 236.0MM*175.64MM*1.6MM/4 NAO-ROHS (2150155850) SMT;;;;;;;;;;;;
2150149950;PLACA DE CIRCUITO IMPRESSO 2 234.0MM*209.0MM*1.6MM/4 NAO-ROHS (2150149950) SMT;;;;;;;;;;;;
2150143520;PLACA DE CIRCUITO IMPRESSO 2 101.79MM*322.0MM*1.6MM/2 NAO-ROHS (2150143520) SMT;;;;;;;;;;;;
2150138350;PLACA DE CIRCUITO IMPRESSO 2 237.5MM*116.98MM*1.6MM/1 NAO-ROHS SMT (2150138350);;;;;;;;;;;;
2150138330;PLACA DE CIRCUITO IMPRESSO 2 237.5MM*117.0MM*1.6MM/1 NAO-ROHS SMT (2150138330);;;;;;;;;;;;
2150136750;PLACA DE CIRCUITO IMPRESSO 2 330*165*1.6MM/2 NAO-ROHS (2150136750) SMT;;;;;;;;;;;;
2150136420;PLACA DE CIRCUITO IMPRESSO 2 206.0*117.0*1.6MM/1 NAO-ROHS (2150136420) SMT;;;;;;;;;;;;
2150135300;PLACA DE CIRCUITO IMPRESSO 2 146*306.92*1.6MM/2 SMT (2150135300);;;;;;;;;;;;
2150132270;PLACA DE CIRCUITO IMPRESSO 2.0 222.05MM 164.0MM 1.6MM 1.0 ROHS (2150132270) SMT;;;;;;;;;;;;
2150127660;PLACA DE CIRCUITO IMPRESSO 2 107.2MM 185.1MM 1.6MM 3 ROHS (2150127660) SMT;;;;;;;;;;;;
2150121700;PLACA DE CIRCUITO IMPRESSO 2 117*206*1.6MM/1(2150121700) SMT;;;;;;;;;;;;
2140500020;ADAPTADOR DE CONEXAO RF SMA MACHO PARA TIPO N MACHO 3600MM E TENSAO DE ATE 300 VDC (2140500020);;;;;;;;;;;;
2140300080;ARRUELA DE PRESSAO DIMENSOES 8.5*6.5*1.2, DOURADO, DE ACO, PARA CONECTOR SMA (2140300080);;;;;;;;;;;;
2140104220;ANTENA WIFI 2.4GHZ, >3DBI, 50OHMS, 32.5MM, 290±5MM, 32.5*9.5*0.2MM, ROHS, -45~+85 GRAUS CELSIUS;;;DIVERSOS;ANTENA WIFI 2.4GHZ, >3DBI, 50OHMS, 32.5MM, 290±5MM, 32.5*9.5*0.2MM, ROHS, -45~+85 GRAUS CELSIUS;;;;;;;;
2140104080;ANTENA DE COMUNICACAO RF 902~928MHZ 2DBI 57MM COM CONECTOR SMA (2140104080);;;ANTENA;;;;;;;;;
2140104000;ANTENA PARA MODULO DE COMUNICACAO WIFI (2140104000);;;DIVERSOS;ANTENA PARA MODULO DE COMUNICACAO WIFI (2140104000);;;;;;;;
2140103890;"ANTENA DE COMUNICACAO 4G: SMA WIFI: WIFI: 2.5DBI 4G: 4.5DBI;50O;F46*26MM;2000±30MM;F46*2000MM; ROHS";;PRODUTO;DIVERSOS;"ANTENA DE COMUNICACAO 4G: SMA WIFI: WIFI: 2.5DBI 4G: 4.5DBI;50O;F46*26MM;2000±30MM;F46*2000MM; ROHS";;;;;;;;
2140103240;ANTENA FRP N (ZK) 902-928MHZ - 2DBI L285MM (2140103240);;;DIVERSOS;ANTENA FRP N (ZK) 902-928MHZ - 2DBI L285MM (2140103240);;;;;;;;
2140103220;ANTENA DE FIBRA DE VIDRO (2140103220);;;ANTENA;;;;;;;;;
2140102790;ARRUELA DENTADA Ø10,2*1.0MM - LATAO BANHADO A OURO (2140102790);;;;;;;;;;;;
2140102660;ANTENA DE COMUNICACAO GPRS (2140102660);;;ANTENA;;;;;;;;;
2140102370;ANTENA DE COMUNICACAO 2.4GHZ (2140102370);;;;;;;;;;;;
2140102360;ANTENA DE COMUNICACAO 3G/4G (2140102360);;;ANTENA;;;;;;;;;
2140100451;ANTENA DE COMUNICACAO POR RADIOFREQUENCIA (2M) (2140100451);;;ANTENA;;;;;;;;;
2120500010;"PAINEL INDICADOR COM DISPOSITIVOS DE CRISTAIS LIQUIDOS (LCD); DC12V;-20-+70?;1280*800;/;LVDS(18 BITS);308*228*45.8MM";;;DIVERSOS;"PAINEL INDICADOR COM DISPOSITIVOS DE CRISTAIS LIQUIDOS (LCD); DC12V;-20-+70?;1280*800;/;LVDS(18 BITS);308*228*45.8MM";;;;;;;;
2120305691;MOSTRADOR DE CRISTAL LIQUIDO HTN 4X47MM 3,3V 77X36X25.4/2.54MM PTH (2120305691);;;;;;;;;;;;
2120304241;MOSTRADOR DE CRISTAL LIQUIDO HTN 6*18MM 3V 65*30*31.7/2MM PTH (2120304241);;;;;;;;;;;;
2120303460;LCD 3.3V 6COM 26SEG 17.5MM 22X52.4MM HTN (2120303460) PTH;;;;;;;;;;;;
2120303450;LCD 3.3V 6COM 28SEG 17.5MM 22X64.25MM HTN PTH (2120303450);;;;;;;;;;;;
2120302761;LCD 3.4V,6COM,22SEG,13MM,18.80X62.75MM,HTN (LWS007-0) PTH (2120302761);;;;;;;;;;;;
2120302645;LCD 3.4V 4COM 17SEG 17MM 16X49.1MM (2120302645) PTH;;;;;;;;;;;;
2120302131;LCD 3.3V 6COM 18SEG 26.0MM 18.3*54.3MM HTN (LND032-0) PTH (2120302131);;;;;;;;;;;;
2100301112;TRANSFORMADOR DE ALTA FREQUENCIA 90UH 0µH 2 4200V EE20 23*22*18.5MM PTH (2100301112);;;;;;;;;;;;
2100100171;TRANSFORMADOR DE FREQUENCIA DE ENERGIA PE2809 03 230VAC 31X28X24MM (2100100171) PTH;;;;;;;;;;;;
2090902871;CONECTOR TIPO BORNE PARA MONTAGEM PTH 1X7, ESPACAMENTO 5,08MM, RETO, 12A UL/15A IEC (2090902871);;PRODUTO;CONECTOR;;;;;;;;;
2090700481;"INTERRUPTOR, CHAVE FIM DE CURSO PARA UMA TENSAO NAO SUPERIOR A 1000V; 4.8MM±0.38MM;58.8*33*17.5MM";;;DIVERSOS;"INTERRUPTOR, CHAVE FIM DE CURSO PARA UMA TENSAO NAO SUPERIOR A 1000V; 4.8MM±0.38MM;58.8*33*17.5MM";;;;;;;;
2090103820;CONECTOR HEADER FEMEA PARA MONTAGEM PTH 2X17, ESPACAMENTO 2,54MM, PTH (2090103820);;PRODUTO;CONECTOR;;;;;;;;;
2090100411;CONECTOR FEMEA 2*6PIN 2.54MM 8.5MM Y (2090100411) PTH;;PRODUTO;CONECTOR;;;;;;;;;
2090100041;CONECTOR FEMEA 1*4PIN,2.54MM,10.16*2.50*8.5 VERTICAL (G04052) PTH (2090100041);;PRODUTO;CONECTOR;;;;;;;;;
2080900460;"DISPOSITIVO MICROCONTROLADOR TCU PCB;THE CONTROL SCREEN DISPLAYS AND CONNECTS TO THE OCPP PLATFORM;185MM*141MM*30MM;ROHS";;;DIVERSOS;"DISPOSITIVO MICROCONTROLADOR TCU PCB;THE CONTROL SCREEN DISPLAYS AND CONNECTS TO THE OCPP PLATFORM;185MM*141MM*30MM;ROHS";;;;;;;;
2080900350;DISPOSITIVO DE PROTECAO CONTRA SURTOS (DPS) 670V PV20K-670 34*26*14MM;;;DIVERSOS;DISPOSITIVO DE PROTECAO CONTRA SURTOS (DPS) 670V PV20K-670 34*26*14MM;;;;;;;;
2080703080;"FONTE CHAVEADA (CONVERSOR ESTATICO) PARA CONVERSAO DE CORRENTE ALTERNADA EM CC;AC/DC DC24V:6.3A(2080703080)";;;DIVERSOS;"FONTE CHAVEADA (CONVERSOR ESTATICO) PARA CONVERSAO DE CORRENTE ALTERNADA EM CC;AC/DC DC24V:6.3A(2080703080)";;;;;;;;
2080703070;"FONTE CHAVEADA (CONVERSOR ESTATICO) PARA CONVERSAO DE CORRENTE ALTERNADA EM CC; AC/DC DC12V:12.5A(2080703070)";;;DIVERSOS;"FONTE CHAVEADA (CONVERSOR ESTATICO) PARA CONVERSAO DE CORRENTE ALTERNADA EM CC; AC/DC DC12V:12.5A(2080703070)";;;;;;;;
2080703060;"FONTE CHAVEADA (CONVERSOR ESTATICO) PARA CONVERSAO DE CORRENTE ALTERNADA EM CC. DC;AC/DC DC24V:5A(2080703060)";;;DIVERSOS;"FONTE CHAVEADA (CONVERSOR ESTATICO) PARA CONVERSAO DE CORRENTE ALTERNADA EM CC. DC;AC/DC DC24V:5A(2080703060)";;;;;;;;
2080501810;MODULO DE COMUNICACAO RFID MT626;;PRODUTO;CARREGADOR - MODULO;MODULO DE COMUNICACAO RFID MT626;;;;;;;;
2062100020;TRANSISTOR MOSFET NMOS 900V 4A 4.2R TO-220 PTH (2062100020);;;;;;;;;;;;
2061700040;DIODO SIC 1.44V 60A 650V 1UA TO-247-3 (2061700040);;;;;;;;;;;;
2061500130;DIODO DE RECUPERACAO RAPIDA 2.0V 2.0A 400V 35NS 5UA SMB SMT (2061500130);;;;;;;;;;;;
2061500120;DIODO DE RECUPERACAO RAPIDA 1.3V 400.0V 1.0A 35.0NS 5.0µA 2.83*5.28MM SMA SMT (2061500120);;;;;;;;;;;;
2061500080;DIODO DE RECUPERACAO RAPIDA 0.95V 1.0A 200V 35NS 5UA SMA SMT (2061500080);;;;;;;;;;;;
2061300280;IGBT 230W650V 80A TO-247 (2061300280);;;;;;;;;;;;
2061300170;"DISPOSITIVO SEMICONDUTOR TIPO TRANSISTOR (IGBT) 375W, 650V;150A 25?;75A 100?;±20V;4V;TO-247";;;;;;;;;;;;
2060501471;DIODO ZENER SUPRESSOR DE TENSAO TRANSIENTE (TVS) 1W 15V 5% LT4744A1A SMA (2060501471) SMT;;;;;;;;;;;;
2060501451;DIODO ZENER BZT52C5V1 5.1V 6% 0.5W SOD123 SMT (2060501451);;;;;;;;;;;;
2060300050;DIODO TVS 6V,600W SMB DO-214AA (A01721) SMT (2060300050);;;;;;;;;;;;
2060100171;DIODO 4.5V,4000V,0.2A,DO-41 (A01760) PTH (2060100171);;;;;;;;;;;;
2060100092;DIODO RETIFICADOR 1.1V 1000V 1A SMA-W (A01013-1) SMT (5000) (2060100092);;;;;;;;;;;;
2052700180;CIRCUITO INTEGRADO REGULADOR DE TENSAO LOW DROP-OUT LDO 2.7~36V 3.3V 2% 100MA SOT89 SMT (2052700180);;;;;;;;;;;;
2052300020;CIRCUITO INTEGRADO DE DRIVER DE RELE PARA MONTAGEM SMD 4.5~24V 1.5A SOP-8 SMT (2052300020);;;;;;;;;;;;
2050902711;CIRCUITO INTEGRADO ELETRONICO DO TIPO CHIPSET, MONTADO, PROPRIO PARA MONTAGEM POR INSERCAO PTH - 0.0MA TO220-5 (2050902;;;;;;;;;;;;
2050300861;CIRCUITO INTEGRADO PARA MEDICAO DE ENERGIA ELETRICA TRIFASICA 3.3V 3 4 QFP44 (2050300861) SMT;;;;;;;;;;;;
2050102281;CI MICROCONTROLADOR 32 BITS PARA MONTAGEM SMD 2.8~5.5V 48.0KB 512.0KB LQFP100 RN8217(2050102281) SMT;;;;;;;;;;;;
2041101441;LED 625NM 110MCD 1.9V 5MA RAD-2.54MM 3.6±0.5MM VERMELHO PTH (2041101441);;;;;;;;;;;;
2041101411;LED 625NM 1800MCD 1.9V 20MA RAD-2.54MM 3.6±0.5MM BRANCO PTH (2041101411);;;;;;;;;;;;
2041101391;LED 625NM 1800MCD 1.9V 20MA RAD-2.54MM 20±0.5MM BRANCO PTH (2041101391);;;;;;;;;;;;
2040500160;FOTOTRASISTOR F5 1.2V 940NM RAD-2.54MM 20±0.5MM PRETO PTH (2040500160);;;;;;;;;;;;
2040500150;FOTOTRASISTOR F5 1.2V 940NM RAD-2.54MM 24±0.5MM PRETO PTH;;;;;;;;;;;;
2040500074;FOTOTRANSISTOR F5 940 42UA 10UA 0.5-1.3V PTH (2040500074);;;;;;;;;;;;
2040400161;DIODO EMISSOR DE LUZ R F5,1.35V,940NM (A01849) PTH (2040400161);;;;;;;;;;;;
2040301013;"OPTICAL COUPLER 50MA,300~450LF=5MAVCE=5V/200~400LF=2MAVCE=5V,80V,1.4V,5000V SO4 (2040301013)SMT""";;;;;;;;;;;;
2030900172;BOBINA DE AUTOINDUCAO (INDUTOR) 80R/100MHZ 20R/10MHZ 3A 3.5*6.0MM (I03003-1) PTH (2030900172);;;;;;;;;;;;
2030500021;BOBINA DE AUTOINDUCAO (INDUTOR) DE CHIP, 1.0MH 10% 100MA 14R 10.5*4.0*4.0 (2030500021) PTH;;;;;;;;;;;;
2030302030;INDUTOR FIXO DE 2.2MH 10% 1KHZ&1V 0.12A 6O RAD-3MM/F7.5*11MM PTH (2030302030);;;;;;;;;;;;
2030300073;BOBINA DE AUTO-INDUCAO (INDUTOR) PJ0080-U9.8-1 15-40MH 0% 18*18*8MM PARA MONTAGEM PTH (2030300073);;;;;;;;;;;;
2020700071;CAPACITOR CERAMICO 2.2NF ±20% 250V F(Y5V)30%~-80% RAD-7.5MM 9.0MM*5.0MM PTH (2020700071);;;;;;;;;;;;
2020700061;CAPACITOR CERAMICO 1NF,20%,250V,RAD-10MM (C09041-1) PTH (2020700061);;;;;;;;;;;;
2020700011;CAPACITOR CERAMICO 100PF,10%,1000V,RAD-5MM (C11029-1) PTH (2020700011);;;;;;;;;;;;
2020500322;CAPACITOR 220NF 10% 330V 18*13.5*6MM RAD-15MM (C09042-1)PTH (2020500322);;;;;;;;;;;;
2020303291;CAPACITOR ELETROLITICO DE ALUMINIO PTH 10.0µF 50V 20% YXF 5000H RAD-2MM/F5*11MM (2020303291);;;;;;;;;;;;
2020302701;CAPACITOR ELETROLITICO DE ALUMINIO PTH 1000µF 20% 35V 10000H 1900MA F12.5*20MM/RAD-5MM (2020302701);;;;;;;;;;;;
2020302671;CAPACITOR ELETROLITICO DE ALUMINIO PTH 100UF 20% 35V 7000H 400MA F6.3*11MM/RAD-2.5MM (2020302671);;;;;;;;;;;;
2020302561;CAPACITOR ELETROLITICO 470µF 25V 20% YXJ 10000H RAD-5MM/10*12.5MM PTH (2020302561);;;;;;;;;;;;
2020302542;CAPACITOR ELETROLITICO 10.0µF 400V 20% Ø10 * 16MM RAD-5MM PTH (2020302542);;;;;;;;;;;;
2020301201;CAPACITOR 22UF 400V (C07023-1) PTH (2020301201);;;;;;;;;;;;
2020300152;CAPACITOR ELETROLITICO 470UF 10V 20% GH 5000H RAD-2.5MM/F6.3*12MM PTH (2020300152);;;;;;;;;;;;
2020300102;CAPACITOR ELETROLITICO 470µF 25V 20% WH 2000H RAD-5MM/F10*13MM (2020300102) PTH;;;;;;;;;;;;
2020100910;CAPACITOR 1NF 5% 50V NPO 0805 (C03032) (2020100910) SMT;;;;;;;;;;;;
2020100760;CAPACITOR 680PF 5% 50V NPO 0603 (C02047)SMT (2020100760);;;;;;;;;;;;
2020100110;CAPACITOR 33NF 10% 50V X7R 0603 (C02002) SMT (4000) (2020100110);;;;;;;;;;;;
2011100163;VARISTOR 680V 6000A -40~+85°C 0J 560V VERTICAL 2 420V 10% 448PF PTH (2011100163);;;;;;;;;;;;
2010500032;RESISTOR 150R 5% 300PPM 3W 5.5*15MM (R12027-L) PTH (100) (2010500032);;;;;;;;;;;;
108190;CARREGADOR VEICULAR LIVOLTEK, MOTIONFAST180KW, 150-1000VDC,IEC STANDARD,CCS2/5M/300A/CCS2/5M/300A,;;PRODUTO;CARREGADOR 180kW;;;;;;;;;
106170;INVERSOR GT1 4-6 KW 220/230/240V IEC WITH WI-FI/ SPD II/CT/AC APS;;PRODUTO;INVERSOR - GT1;;;;;;;;;
105990;CARREGADOR PARA BATERIA BLF-B5150;;PRODUTO;BATERIA BLF-B5150;;;;;;;;;
105652;INVERSOR ON-GRID TRIFÁSICO 25KW 380V 2 MPPT GT3-25KD1R11008;;PRODUTO;INVERSOR - GT3;;;;;;;;;
105649;INVERSOR ON-GRID TRIFÁSICO 15KW 380V 2 MPPT GT3-15KD1R11008;;PRODUTO;INVERSOR - GT3;;;;;;;;;
105604;INVERSOR ON-GRID MONOFÁSICO 8KW 220V 3MPPT GT1-8KT2R11004;;PRODUTO;INVERSOR - GT1;;;;;;;;;
105589;CARREGADOR VE LIVOLTEK CA ACE 7,3KW 220VAC CABO 5M BLUETOOTH WI-FI(FC41D) ETHERNET CABO TIPO 2;;PRODUTO;CARREGADOR 7,3kW;;;;;;;;;
105420;INVERSOR ON-GRID MONOFÁSICO 7,5KW 220V 3MPPT GT1-7K5T2R11002;;PRODUTO;INVERSOR - GT1;;;;;;;;;
105396;INVERSOR ON-GRID MONOFÁSICO 10KW 220V 3MPPT GT1-10KT2R11004;;PRODUTO;INVERSOR - GT1;;;;;;;;;
105383M;ESTRUTURA DE AÇO GALVANIZADO PINTADO DE PRETO INFERIOR 465*425*166.5 30619-GT110KT2-02 (3061901200);;MATERIA-PRIMA;INVERSOR - GT1;ESTRUTURA DE AÇO GALVANIZADO PINTADO DE PRETO INFERIOR 465*425*166.5 30619-GT110KT2-02 (3061901200);;;;;;;;
105005;CONTROLADOR BMS PARA BATERIA DE LITIO BHF-B51100R11101 (DUMMY);;;BHF-B51100R11101;;;;;;;;;
104938;INVERSOR ON-GRID MONOFÁSICO 6KW 220V 2 MPPT GT1-6KD2R11008;;PRODUTO;INVERSOR - GT1;;;;;;;;;
104937;INVERSOR ON-GRID MONOFÁSICO 5KW 220V 2 MPPT GT1-5KD2R11008;;PRODUTO;INVERSOR - GT1;;;;;;;;;
104926;INVERSOR ON-GRID TRIFÁSICO 20KW 380V 2 MPPT GT3-20KD1R11008;;PRODUTO;INVERSOR - GT3;;;;;;;;;
103354M;CAIXA DE ALUMINIO PARA BATERIA DE LITIO HV 15kWh 307,2V BHF-S15;103354;MATERIA-PRIMA;BATERIA;CAIXA DE ALUMINIO PARA BATERIA DE LITIO HV 15kWh 307,2V BHF-S15;;;;;;;;
100981;MOTOR DE POPA, (MODEL: EDP003L, 3.0 KW 3.0 KW, DC 36~60 V, DIMENSÕES (LXBXH): 423MMX288.5MMX1140MM;;PRODUTO;MOTOR DE POPA;;;;;;;;;
100978;Bateria de Alta Tensão, modelo Lovoltek, tipo lítio com BMS, capacidade 45kWh;100978;PRODUTO;BATERIA;Bateria de Alta Tensão, modelo Lovoltek, tipo lítio com BMS, capacidade 45kWh;;;;;;;;
100801;Estrutura metálica para telhado cerâmico;100801;PRODUTO;KIT SOLAR - TELHADO;Estrutura metálica para telhado cerâmico;;;;;;;;
95918;INVERSOR FOTOVOLTAICO MODELO GT1-6KD1;;PRODUTO;INVERSOR - GT1;;;;;;;;;
61617;GATEWAY DE COMUN. P/ SUPERVISORIO ALIMENTADO POR TRANSFORMADOR DE P.127/220VAC P/ RELIGADOR (HXD822);;;;;;;;;;;;
GT3-25KDL1R11002;INVERSORES PARA SISTEMAS FOTOVOLTAICOS ON-GRID GT3-25KDL1R11002;;PRODUTO;INVERSOR - GT3;GT3 - 25KD1R11008;;;;;;;;
GT3-20KDL1R11002;INVERSORES PARA SISTEMAS FOTOVOLTAICOS ON-GRID GT3-20KDL1R11002;;PRODUTO;INVERSOR - GT3;GT3-20KDL1R11002;;;;;;;;
9121520027;ACESSORIO CARREGADOR VEICULAR CC MC PEDESTAL;;PRODUTO;CARREGADOR - PEDESTAL;CC MC PEDESTAL;;;;;;;;
9121520028;ACESSORIO CARREGADOR VEICULAR CC MC PEDESTAL;;PRODUTO;CARREGADOR - PEDESTAL;CC MC PEDESTAL;;;;;;;;
