Saldos em Estoque;;;;;;;;;;;;
CODIGO;TP;GRUPO;DESCRICAO;U.M.;FL;ARMZ;SALDO EM ESTOQUE;EMPENHO PARA REQ/PV/RESERVA;ESTOQUE DISPONIVEL;VALOR EM ESTOQUE;VALOR EMPENHADO;DESCRICAO DO ARMAZEM
9120121410;MP;MP03;CINTA PARA FIXACAO DO AP, KIT SUPRENS;KT;010108;30; 90,000 ; -   ; 90,000 ; 7.524,79 ; -   ;PROJETO COPEL FASE 2
9120121410;MP;MP03;CINTA PARA FIXACAO DO AP, KIT SUPRENS;KT;010108;31; 142,000 ; -   ; 142,000 ; 7.881,01 ; -   ;PROJETO COPEL FASE 1
3042303700;MP;MP03;TRILHO DIN 35MM PERFURADO;MT;010108;28; 30,000 ; -   ; 30,000 ; 95,85 ; -   ;CDS PROJECTS ENERGY
8010300790;MP;MP09;CABO SOLAR 1,8 KV CC PRETO;MT;010108;28; 1.300,000 ; -   ; 1.300,000 ; 3.549,26 ; -   ;CDS PROJECTS ENERGY
9110241601;RV;RV01;FITA DE ACO - LISA 1/2 FUSIMEC;MT;010108;28; 155,000 ; -   ; 155,000 ; 169,57 ; -   ;CDS PROJECTS ENERGY
9110241601;RV;RV01;FITA DE ACO - LISA 1/2 FUSIMEC;MT;010108;30; 425,000 ; -   ; 425,000 ; 740,61 ; -   ;PROJETO COPEL FASE 2
9110241601;RV;RV01;FITA DE ACO - LISA 1/2 FUSIMEC;MT;010108;32; 840,000 ; -   ; 840,000 ; 1.526,70 ; -   ;PROJETO CELESC
9110714100;MP;MP03;CABO FLEXIVEL 1,5MM² - CLASSE TEMP 70° - VERMELHO;MT;010108;31; 1.100,000 ; -   ; 1.100,000 ; 1.458,71 ; -   ;PROJETO COPEL FASE 1
9110714103;MP;MP03;CABO FLEXIVEL 1,5MM² - CLASSE TEMP 70° - AZUL;MT;010108;31; 400,000 ; -   ; 400,000 ; 530,44 ; -   ;PROJETO COPEL FASE 1
9111530000;MP;MP05;CABO COBRE 35 MM² 1KV NA COR PRETO;MT;010108;28; 16,200 ; -   ; 16,200 ; 427,50 ; -   ;CDS PROJECTS ENERGY
9111530001;MP;MP05;CABO COBRE 35 MM² 1KV NA COR VERMELHO;MT;010108;28; 16,200 ; -   ; 16,200 ; 428,04 ; -   ;CDS PROJECTS ENERGY
9111620200;RV;RV01;FITA ISOLANTE ALTA FUSAO;MT;010108;28; 18,000 ; -   ; 18,000 ; 151,86 ; -   ;CDS PROJECTS ENERGY
9111620200;RV;RV01;FITA ISOLANTE ALTA FUSAO;MT;010108;30; 400,000 ; -   ; 400,000 ; 819,52 ; -   ;PROJETO COPEL FASE 2
9111620200;RV;RV01;FITA ISOLANTE ALTA FUSAO;MT;010108;31; 610,000 ; -   ; 610,000 ; 4.739,70 ; -   ;PROJETO COPEL FASE 1
9111620200;RV;RV01;FITA ISOLANTE ALTA FUSAO;MT;010108;32; 20,000 ; -   ; 20,000 ; 399,41 ; -   ;PROJETO CELESC
9120690502;RV;RV01;CABO COBRE COBERTO XLPE 90G 15KV 1X 16,00 MM2 CINZA;MT;010108;30; 120,000 ; -   ; 120,000 ; 3.375,90 ; -   ;PROJETO COPEL FASE 2
9120690508;RV;RV01;ADAPTADOR ESTRIBO PARAFUSO PARA CABO DE CU NU 16-50 MM²;MT;010108;30; 20,000 ; -   ; 20,000 ; 2.112,22 ; -   ;PROJETO COPEL FASE 2
9120690508;RV;RV01;ADAPTADOR ESTRIBO PARAFUSO PARA CABO DE CU NU 16-50 MM²;MT;010108;31; 100,000 ; -   ; 100,000 ; 9.295,00 ; -   ;PROJETO COPEL FASE 1
9120692197;RV;RV01;CABO ETHERNET CAT5E BLINDADO;MT;010108;30; 1.092,000 ; -   ; 1.092,000 ; 4.565,11 ; -   ;PROJETO COPEL FASE 2
9120692197;RV;RV01;CABO ETHERNET CAT5E BLINDADO;MT;010108;31; 3.101,000 ; -   ; 3.101,000 ; 14.906,82 ; -   ;PROJETO COPEL FASE 1
9120692803;MP;MP07;CABO PP 2X1,5 MM2, PRETO E VERMELHO;MT;010108;31; 1.456,000 ; -   ; 1.456,000 ; 5.173,17 ; -   ;PROJETO COPEL FASE 1
9120692804;MP;MP07;CABO FLEXIVEL 1.5 VERDE/AMARELO;MT;010108;30; 100,000 ; -   ; 100,000 ; 127,62 ; -   ;PROJETO COPEL FASE 2
9120692804;MP;MP07;CABO FLEXIVEL 1.5 VERDE/AMARELO;MT;010108;31; 2.000,000 ; -   ; 2.000,000 ; 2.652,20 ; -   ;PROJETO COPEL FASE 1
9120692940;RV;RV01;FIO DE ESPINAR DIELETRICO ARAMIDA 2MM;MT;010108;30; 10.904,108 ; -   ; 10.904,108 ; 2.204,81 ; -   ;PROJETO COPEL FASE 2
9120692955;RV;RV01;HASTE DE ATERRAMENTO ACO - COBRE 2,40 M;MT;010108;30; 10,000 ; -   ; 10,000 ; 836,10 ; -   ;PROJETO COPEL FASE 2
9120694050;RV;RV01;CABO COAXIAL 7/8 - CABO LCF 78-50JA COBRE RFS;MT;010108;30; 350,000 ; -   ; 350,000 ; 46.722,31 ; -   ;PROJETO COPEL FASE 2
9120694050;RV;RV01;CABO COAXIAL 7/8 - CABO LCF 78-50JA COBRE RFS;MT;010108;31; 110,000 ; -   ; 110,000 ; 18.355,62 ; -   ;PROJETO COPEL FASE 1
9120694051;MP;MP08;CABO COAXIAL LMR 400;MT;010108;30; 200,000 ; -   ; 200,000 ; 7.683,22 ; -   ;PROJETO COPEL FASE 2
9120694059;MP;MP07;"CABO COAXIAL 1/2"""" - CABO LCF 12-50JA COBRE RFS";MT;010108;30; 235,000 ; -   ; 235,000 ; 15.201,42 ; -   ;PROJETO COPEL FASE 2
9120694059;MP;MP07;"CABO COAXIAL 1/2"""" - CABO LCF 12-50JA COBRE RFS";MT;010108;31; 123,000 ; -   ; 123,000 ; 8.498,59 ; -   ;PROJETO COPEL FASE 1
9120694059;MP;MP07;"CABO COAXIAL 1/2"""" - CABO LCF 12-50JA COBRE RFS";MT;010108;32; 230,000 ; -   ; 230,000 ; 16.974,02 ; -   ;PROJETO CELESC
9120821321;MP;MP03;ELETRODUTO SUBTERRANEO CORRUGADO FLEXIVEL 1 POLEGADA;MT;010108;28; 70,000 ; -   ; 70,000 ; 96,63 ; -   ;CDS PROJECTS ENERGY
9120892533;MC;PV01;CABO DE REDE CAT5 COM 4 PARES 24 AWG DE DUPLA CAPA BLINDADO PRETO;MT;010108;28; 176,000 ; -   ; 176,000 ; 834,79 ; -   ;CDS PROJECTS ENERGY
9121260800;MP;MP07;CABO FLEXIVEL CL4 1KV HEPR 90°C VEIAS COLOR. PT 3 X 2,5MM;MT;010108;28; 301,000 ; 120,000 ; 181,000 ; 1.116,95 ; 445,30 ;CDS PROJECTS ENERGY
9121260801;MP;MP07;CABO FLEXIVEL 1KV SIL PT 3 X 4MM;MT;010108;28; 90,000 ; 120,000 ;-30,000 ; 798,69 ; 1.064,92 ;CDS PROJECTS ENERGY
9121280000;MP;MP07;CABO MULTINAX FLEX 2X1,50 MM² HEPR 90 ºC 0,6/1 KV;MT;010108;32; 150,000 ; -   ; 150,000 ; 611,48 ; -   ;PROJETO CELESC
9121280002;MP;MP07;CABO FLEXIVEL 4MM² 1KV VERDE;MT;010108;32; 167,114 ; -   ; 167,114 ; 687,12 ; -   ;PROJETO CELESC
9121290202;MP;MP07;CABO SOLAR 4MM² ISOLACAO 1,8KVCC 90°C - COR PRETO;MT;010108;28; 261,000 ; -   ; 261,000 ; 960,48 ; -   ;CDS PROJECTS ENERGY
9121290203;MP;MP07;CABO SOLAR 4MM² ISOLACAO 1,8KVCC 90°C - COR VERMELHO;MT;010108;28; 261,000 ; -   ; 261,000 ; 960,48 ; -   ;CDS PROJECTS ENERGY
9121290222;MP;MP07;CABO COBRE 1 X 6MM² ISOLACAO 1 KV 90°C - COR VERDE COM AMARELO;MT;010108;28; 360,000 ; -   ; 360,000 ; 1.705,46 ; -   ;CDS PROJECTS ENERGY
9121500218;RV;RV01;CABO FOTOVOLTAICO VERMELHO: 6MM2 COOPER + ESTANHADO;MT;010108;07; 55.634,000 ; -   ; 55.634,000 ; 191.597,93 ; -   ;LIVOLTEK - VENDAS
9121500219;RV;RV01;CABO FOTOVOLTAICO PRETO: 6MM2 COOPER + ESTANHADO;MT;010108;07; 55.634,000 ; -   ; 55.634,000 ; 191.597,93 ; -   ;LIVOLTEK - VENDAS
9121502100;RV;RV01;CABO COBRE NU 50MM²;MT;010108;32; 16,000 ; -   ; 16,000 ; 421,40 ; -   ;PROJETO CELESC
9190772302;MP;MP07;CABO FLEXIVEL DE 1,5 MM²  - COR PRETO;MT;010108;31; 770,000 ; -   ; 770,000 ; 1.247,09 ; -   ;PROJETO COPEL FASE 1
9190772302;MP;MP07;CABO FLEXIVEL DE 1,5 MM²  - COR PRETO;MT;010108;32; 100,000 ; -   ; 100,000 ; 128,80 ; -   ;PROJETO CELESC
9191270416;MC;MR01;CABO DE ALUMINIO MULTIPLEXADO DUPLEX 2X16MM;MT;010108;32; 1.000,000 ; -   ; 1.000,000 ; 4.290,00 ; -   ;PROJETO CELESC
9191270787;MC;MR01;"BORRACHA TIPO ""U"" 8X6X1,5MM";MT;010108;31; 3.200,000 ; -   ; 3.200,000 ; 7.548,16 ; -   ;PROJETO COPEL FASE 1
9191270787;MC;MR01;"BORRACHA TIPO ""U"" 8X6X1,5MM";MT;010108;32; 8.400,000 ; -   ; 8.400,000 ; 17.290,56 ; -   ;PROJETO CELESC
9191271234;MC;PV01;CABO CAT6;MT;010108;32; 100,000 ; -   ; 100,000 ; 406,59 ; -   ;PROJETO CELESC
9192219664;MC;MR01;CABO 10MM² DE COBRE ANTICHAMA RIGIDO, PVC 450/750V, NBR NM 247-3, CLASSE 1, PRETO;MT;010108;30; 3.000,000 ; -   ; 3.000,000 ; 22.935,60 ; -   ;PROJETO COPEL FASE 2
9192220084;MC;MR01;CABO DE ACO COBREADO P/ ATERRAMENTO BIMETALICO 50MM², 7 FIOS - 53% IACS;MT;010108;32; 1.000,000 ; -   ; 1.000,000 ; 45.452,30 ; -   ;PROJETO CELESC
3012002410;MC;PV01;"PARTE DO CARREGADOR MOTION FAST DC; DISJUNTOR DE CORRENTE RESIDUAL CAIXA MOLDADA TRIPOLAR; 250A; 30MA; TIPO A";PC;010108;07; 21,000 ; -   ; 21,000 ; 18.982,91 ; -   ;LIVOLTEK - VENDAS
9120690106;MP;MP04;ABRACADEIRA PLASTICA NYLON 300 MM X 8 MM BRANCA;PC;010108;28; 620,000 ; -   ; 620,000 ; 145,70 ; -   ;CDS PROJECTS ENERGY
9120694040;MP;MP07;MINIDISJUNTOR UNIPOLAR 3KA CURVA C 20A;PC;010108;28; 3,000 ; -   ; 3,000 ; 18,12 ; -   ;CDS PROJECTS ENERGY
9120694041;MP;MP07;MINIDISJUNTOR UNIPOLAR 3KA CURVA C 10A;PC;010108;28; 25,000 ; 6,000 ; 19,000 ; 125,76 ; 30,18 ;CDS PROJECTS ENERGY
9120694045;MP;MP07;DISJUNTOR BIPOLAR PARA CORRENTE CONTINUA 20A;PC;010108;28; 34,000 ; -   ; 34,000 ; 2.239,31 ; -   ;CDS PROJECTS ENERGY
9120901014;MP;MP08;POSTE FINAL BORNE K SKEW35;PC;010108;28; 16,000 ; -   ; 16,000 ; 11,03 ; -   ;CDS PROJECTS ENERGY
9121260606;MP;MP03;TERMINAL TUBULAR ILHOS DUPLO 2,5MM;PC;010108;28; 10,000 ; -   ; 10,000 ; 3,67 ; -   ;CDS PROJECTS ENERGY
9121260622;MP;MP03;BARRAMENTO TIPO ALCA COM 8 PARAFUSOS M + 2 PARAFUSO M8;PC;010108;28; 27,000 ; -   ; 27,000 ; 224,93 ; -   ;CDS PROJECTS ENERGY
9121290240;MP;MP07;QUADRO DE DISTRIBUICAO EM PVC DE CIRCUITO ELETRICO DO TIPO SOBREPOR PARA ATE 4 DISJUNTORES COM TRILHO DIN;PC;010108;28; 31,000 ; 6,000 ; 25,000 ; 259,95 ; 50,31 ;CDS PROJECTS ENERGY
9121290290;MP;MP07;HASTE TERRA S/ROS.BR.IH-858 5/8' X 2,4 0 MTS;PC;010108;28; 22,000 ; -   ; 22,000 ; 607,49 ; -   ;CDS PROJECTS ENERGY
9121520027;RV;RV01;ACESSORIO CARREGADOR VEICULAR  CC  MC  PEDESTAL BR  ACO  P ELETROSTATICA  PARABOLTS  LIVOLTEK  30KW;PC;010108;07; 20,000 ; -   ; 20,000 ; 18.738,75 ; -   ;LIVOLTEK - VENDAS
9121520028;RV;RV01;ACESSORIO CARREGADOR VEICULAR  CC  MC  PEDESTAL BR  ACO  P ELETROSTATICA  PARABOLTS  LIVOLTEK 40/60KW;PC;010108;07; 20,000 ; -   ; 20,000 ; 23.156,25 ; -   ;LIVOLTEK - VENDAS
9130109100;MP;MP08;PROTETOR SURTO DPS SOLAR 1040V 40KA;PC;010108;28; 8,000 ; -   ; 8,000 ; 453,87 ; -   ;CDS PROJECTS ENERGY
9191270789;MC;MR01;CHAPA DE ACRILICO TRANSPARENTE 1200X1000X3MM;PC;010108;32; 348,000 ; -   ; 348,000 ; 98.409,49 ; -   ;PROJETO CELESC
B1U2ME2E0M5SR12004;MC;RV01;"CARREGADOR VE LIVOLTEK CA BUSH SERIES 2X22 KW; 230VAC;CABO 5M; BLUETOOTH; 4G; ETHERNET; RFID; CABO 2XTIPO 2 """;PC;010108;08; 1,000 ; -   ; 1,000 ; 4.930,40 ; -   ;LIVOLTEK - WARRANTY
C03010E1EAFDR11003;RV;RV01;"CARREGADOR VE LIVOLTEK CC MOTION COMPACT 30 KW; 400VAC;CABO 5M; 100 A; RFID; ETHERNET; 4G; CABO 1XCCS2";PC;010108;07; 9,000 ; -   ; 9,000 ; 133.895,57 ; -   ;LIVOLTEK - VENDAS
C06010E2EAFGR11003;MC;RV01;CARREGADOR VEICULAR  LIVOLTEK  CC 60KW  MC  200A  2XCCS2  WALL-MOUNT  4G (LATAM)  PPOS;PC;010108;07; 9,000 ; -   ; 9,000 ; 253.631,30 ; -   ;LIVOLTEK - VENDAS
M18010E2EYFIR11003;MC;RV01;CARREGADOR VEICULAR  LIVOLTEK  CC 180KW  MF  300A  2XCCS2  GESTAO DE CABOS  4G (LATAM)  PPOS  ACE30;PC;010108;07; 20,000 ; -   ; 20,000 ; 1.534.787,24 ; -   ;LIVOLTEK - VENDAS
M24010E2EYGIR11003;MC;RV01;CARREGADOR VEICULAR  LIVOLTEK  CC 30KW  MC  100A  1XCCS2  WALL-MOUNT  4G (LATAM)  PPOS;PC;010108;07; 17,000 ; -   ; 17,000 ; 1.784.763,75 ; -   ;LIVOLTEK - VENDAS
2070500010;MP;MP08;BATERIA 12V 5A/H - ACESSORIOS GE;UN;010108;31; 132,000 ; -   ; 132,000 ; 10.853,04 ; -   ;PROJETO COPEL FASE 1
2080501810;MP;MP08;MODULO DE COMUNICACAO RFID MT626;UN;010108;07; 4,000 ; -   ; 4,000 ; 119,35 ; -   ;LIVOLTEK - VENDAS
2080703060;MP;MP08;"FONTE CHAVEADA (CONVERSOR ESTATICO) PARA CONVERSAO DE CORRENTE ALTERNADA EM CC. DC;AC/DC DC24V:5A(2080703060)";UN;010108;07; 6,000 ; -   ; 6,000 ; 616,40 ; -   ;LIVOLTEK - VENDAS
2080703070;MP;MP08;"FONTE CHAVEADA (CONVERSOR ESTATICO) PARA CONVERSAO DE CORRENTE ALTERNADA EM CC; AC/DC DC12V:12.5A(2080703070)";UN;010108;07; 4,000 ; -   ; 4,000 ; 295,15 ; -   ;LIVOLTEK - VENDAS
2080703080;MP;MP08;"FONTE CHAVEADA (CONVERSOR ESTATICO) PARA CONVERSAO DE CORRENTE ALTERNADA EM CC;AC/DC DC24V:6.3A(2080703080)";UN;010108;07; 4,000 ; -   ; 4,000 ; 349,13 ; -   ;LIVOLTEK - VENDAS
2080900460;MP;MP08;"DISPOSITIVO MICROCONTROLADOR TCU PCB;THE CONTROL SCREEN DISPLAYS AND CONNECTS TO THE OCPP PLATFORM;185MM*141MM*30MM;ROHS";UN;010108;07; 1,000 ; -   ; 1,000 ; 1.344,97 ; -   ;LIVOLTEK - VENDAS
2090700481;MP;MP07;"INTERRUPTOR, CHAVE FIM DE CURSO PARA UMA TENSAO NAO SUPERIOR A 1000V; 4.8MM±0.38MM;58.8*33*17.5MM";UN;010108;07; 12,000 ; -   ; 12,000 ; 78,45 ; -   ;LIVOLTEK - VENDAS
2090903191;MP;MP04;CONECTOR DE PASSAGEM (2090903191);UN;010108;31; 39,000 ; -   ; 39,000 ; 199,68 ; -   ;PROJETO COPEL FASE 1
2120500010;MP;MP08;"PAINEL INDICADOR COM DISPOSITIVOS DE CRISTAIS LIQUIDOS (LCD); DC12V;-20-+70?;1280*800;/;LVDS(18 BITS);308*228*45.8MM";UN;010108;07; 4,000 ; -   ; 4,000 ; 3.372,37 ; -   ;LIVOLTEK - VENDAS
2140100451;MP;MP08;ANTENA DE COMUNICACAO POR RADIOFREQUENCIA (2M) (2140100451);UN;010108;31; 4.270,000 ; -   ; 4.270,000 ; 29.041,55 ; -   ;PROJETO COPEL FASE 1
2140102360;MP;MP08;ANTENA DE COMUNICACAO 3G/4G (2140102360);UN;010108;28; 12,000 ; -   ; 12,000 ; 333,28 ; -   ;CDS PROJECTS ENERGY
2140102360;MP;MP08;ANTENA DE COMUNICACAO 3G/4G (2140102360);UN;010108;31; 90,000 ; -   ; 90,000 ; 7.146,00 ; -   ;PROJETO COPEL FASE 1
2140102360;MP;MP08;ANTENA DE COMUNICACAO 3G/4G (2140102360);UN;010108;32; 62,000 ; -   ; 62,000 ; 9.644,52 ; -   ;PROJETO CELESC
2140102370;MP;MP08;ANTENA DE COMUNICACAO 2.4GHZ (2140102370);UN;010108;28; 10,000 ; -   ; 10,000 ; 129,48 ; -   ;CDS PROJECTS ENERGY
2140102370;MP;MP08;ANTENA DE COMUNICACAO 2.4GHZ (2140102370);UN;010108;31; 54,000 ; -   ; 54,000 ; 1.949,94 ; -   ;PROJETO COPEL FASE 1
2140102660;MP;MP08;ANTENA DE COMUNICACAO GPRS (2140102660);UN;010108;28; 12,000 ; -   ; 12,000 ; 133,40 ; -   ;CDS PROJECTS ENERGY
2140102660;MP;MP08;ANTENA DE COMUNICACAO GPRS (2140102660);UN;010108;31; 106,000 ; -   ; 106,000 ; 3.638,98 ; -   ;PROJETO COPEL FASE 1
2140102790;MP;MP03;ARRUELA DENTADA Ø10,2*1.0MM - LATAO BANHADO A OURO (2140102790);UN;010108;31; 5.690,000 ; -   ; 5.690,000 ; 575,26 ; -   ;PROJETO COPEL FASE 1
2140103220;MP;MP08;ANTENA DE FIBRA DE VIDRO (2140103220);UN;010108;28; 12,000 ; -   ; 12,000 ; 143,62 ; -   ;CDS PROJECTS ENERGY
2140103220;MP;MP08;ANTENA DE FIBRA DE VIDRO (2140103220);UN;010108;31; 2.382,000 ; -   ; 2.382,000 ; 62.871,22 ; -   ;PROJETO COPEL FASE 1
2140103230;MP;MP08;CABO DE ANTENA DO MODULO SMA (ZJ) - 316 LINE-N MACHO (2140103230);UN;010108;31; 5.419,000 ; -   ; 5.419,000 ; 133.727,37 ; -   ;PROJETO COPEL FASE 1
2140103240;MP;MP08;ANTENA FRP N (ZK) 902-928MHZ - 2DBI L285MM (2140103240);UN;010108;28; 98,000 ; -   ; 98,000 ; 1.318,52 ; -   ;CDS PROJECTS ENERGY
2140103240;MP;MP08;ANTENA FRP N (ZK) 902-928MHZ - 2DBI L285MM (2140103240);UN;010108;31; 9.412,000 ; -   ; 9.412,000 ; 207.105,41 ; -   ;PROJETO COPEL FASE 1
2140103890;MP;MP08;"ANTENA DE COMUNICACAO 4G: SMA WIFI: WIFI: 2.5DBI 4G: 4.5DBI;50O;F46*26MM;2000±30MM;F46*2000MM; ROHS";UN;010108;07; 4,000 ; -   ; 4,000 ; 31,93 ; -   ;LIVOLTEK - VENDAS
2140104000;RV;RV01;ANTENA PARA MODULO DE COMUNICACAO WIFI (2140104000);UN;010108;07; 79,000 ; -   ; 79,000 ; 223,35 ; -   ;LIVOLTEK - VENDAS
2140104080;MP;MP08;ANTENA DE COMUNICACAO RF 902~928MHZ 2DBI 57MM COM CONECTOR SMA (2140104080);UN;010108;28; 68,000 ; -   ; 68,000 ; 2.317,55 ; -   ;CDS PROJECTS ENERGY
2140104220;RV;RV01;ANTENA WIFI 2.4GHZ, >3DBI, 50OHMS, 32.5MM, 290±5MM, 32.5*9.5*0.2MM, ROHS, -45~+85 GRAUS CELSIUS;UN;010108;07; 1.503,000 ; -   ; 1.503,000 ; 2.332,36 ; -   ;LIVOLTEK - VENDAS
2140300060;MP;MP03;PORCA H8.0 2 .0 DOURADA PARA FIXACAO DE CONECTOR DE ANTENA SMA (2140300060);UN;010108;31; 1.000,000 ; -   ; 1.000,000 ; 150,00 ; -   ;PROJETO COPEL FASE 1
2140300080;MP;MP03;ARRUELA DE PRESSAO DIMENSOES 8.5*6.5*1.2, DOURADO, DE ACO, PARA CONECTOR SMA (2140300080);UN;010108;31; 4.628,000 ; -   ; 4.628,000 ; 228,62 ; -   ;PROJETO COPEL FASE 1
2140500020;MP;MP08;ADAPTADOR DE CONEXAO RF SMA MACHO PARA TIPO N MACHO 3600MM E TENSAO DE ATE 300 VDC (2140500020);UN;010108;28; 98,000 ; -   ; 98,000 ; 2.335,18 ; -   ;CDS PROJECTS ENERGY
3010315200;MP;MP08;"RELE PARA UMA TENSAO DE ATE 12V DC; 10A;CZT08A-02+NG102;ROHS (3010315200)";UN;010108;07; 12,000 ; -   ; 12,000 ; 134,43 ; -   ;LIVOLTEK - VENDAS
3010913120;MP;MP09;"DISJUNTOR DIN ;40A;3P;6KA;CDB6I;ROHS.(3010913120)";UN;010108;07; 4,000 ; -   ; 4,000 ; 71,47 ; -   ;LIVOLTEK - VENDAS
3010913140;MP;MP09;"DISJUNTOR DIN; 16A;1P+N;6,10KA;CDB6HLES-63;ROHS (3010913140)";UN;010108;07; 4,000 ; -   ; 4,000 ; 77,39 ; -   ;LIVOLTEK - VENDAS
3011501610;MP;MP08;DISPOSITIVO ANTI-ROUBO ELETRICO C/FECHADURA 30X20MMCOBRE/ACO INOXNUCLEOABSCHAVEUNIVERSAL(3011501610);UN;010108;31; 407,000 ; -   ; 407,000 ; 818,07 ; -   ;PROJETO COPEL FASE 1
3011800300;MP;MP07;"VENTILADOR TIPO COOLER FAN ;175*150*51;1.9A;24V;66.4DB;354.71;400.0MM;70000HRS AT 40?;ROHS(3011800300)";UN;010108;07; 13,000 ; -   ; 13,000 ; 1.764,00 ; -   ;LIVOLTEK - VENDAS
3011901840;MP;MP04;"BOTAO DE EMERGENCIA; NP4-11ZS/1;RED;38*31*64MM;ROHS (3011901840)";UN;010108;07; 4,000 ; -   ; 4,000 ; 114,24 ; -   ;LIVOLTEK - VENDAS
3012001050;MP;MP09;"DISJUNTOR CAIXA MOLDADA; CDM6H-250M/3308;250.0A;3P;50KA;ROHS (3012001050)";UN;010108;07; 4,000 ; -   ; 4,000 ; 731,13 ; -   ;LIVOLTEK - VENDAS
3012102500;MP;MP08;CONECTOR PARA CABO DE REDE (3012102500);UN;010108;28; 12,000 ; -   ; 12,000 ; 182,22 ; -   ;CDS PROJECTS ENERGY
3012102500;MP;MP08;CONECTOR PARA CABO DE REDE (3012102500);UN;010108;31; 140,000 ; -   ; 140,000 ; 8.104,60 ; -   ;PROJETO COPEL FASE 1
3012103830;MP;MP08;TERMINAL ELETRICO MC4 FEMEA;UN;010108;07; 8.325,000 ; -   ; 8.325,000 ; 12.975,35 ; -   ;LIVOLTEK - VENDAS
3012103860;MP;MP08;CONECTOR MC4 MACHO;UN;010108;07; 9.030,000 ; -   ; 9.030,000 ; 6.998,25 ; -   ;LIVOLTEK - VENDAS
3012103890;MP;MP08;CONECTOR MC4 FEMEA;UN;010108;07; 9.030,000 ; -   ; 9.030,000 ; 7.019,92 ; -   ;LIVOLTEK - VENDAS
3012103900;MP;MP08;TERMINAL ELETRICO MC4 MACHO;UN;010108;07; 8.325,000 ; -   ; 8.325,000 ; 6.487,67 ; -   ;LIVOLTEK - VENDAS
3013200300;MP;MP09;DPS CC LIVOLTEK LSP-40 2P 600V 40KA (LSP-40/2) (3013200300);UN;010108;28; 60,002 ; -   ; 60,002 ; 1.846,27 ; -   ;CDS PROJECTS ENERGY
3013200750;MP;MP06;"DISPOSITIVO DE PROTECAO CONTRA SURTOS (DPS);70.3*99.7*67";UN;010108;07; 4,000 ; -   ; 4,000 ; 221,80 ; -   ;LIVOLTEK - VENDAS
3013400040;MP;MP08;"RELE (CONTATOR) PARA UMA TENSAO DE ATE 400V CONTROLE DA FONTE DE ALIMENTACAO DO MODULO DE CARREGAMENTO;AC 400V;3P; (3013";UN;010108;07; 2,000 ; -   ; 2,000 ; 1.484,34 ; -   ;LIVOLTEK - VENDAS
3013400100;MP;MP08;"RELE (CONTATOR) PARA UMA TENSAO DE ATE 1000V DC;12~1000VDC;CE;ROHS (3013400100)";UN;010108;07; 25,000 ; -   ; 25,000 ; 3.153,58 ; -   ;LIVOLTEK - VENDAS
3013500320;MP;MP08;"FUSIVEL; SEV-43F-1000V;1000V;400.0A;ROHS";UN;010108;07; 1,000 ; -   ; 1,000 ; 74,85 ; -   ;LIVOLTEK - VENDAS
3013500620;MP;MP08;"FUSIVEL PARA UMA TENSAO NAO SUPERIOR A 1000V ;SEV-43F-250/1000;DC;250.0A;ROHS(3013500620)";UN;010108;07; 7,000 ; -   ; 7,000 ; 636,62 ; -   ;LIVOLTEK - VENDAS
3022500339;PI;PI04;BASE DO MODULO ZEUS (3022500339);UN;010108;31; 6.666,000 ; -   ; 6.666,000 ; 1.509,85 ; -   ;PROJETO COPEL FASE 1
3030104490;MP;MP03;PARAFUSO CABECA TIPO PANELA -  M5*8 MM - FENDA CRUZADA - ACO CARBONO 1022 GALVANIZADO (3030104490);UN;010108;31; 3.386,000 ; -   ; 3.386,000 ; 197,74 ; -   ;PROJETO COPEL FASE 1
3030104520;MP;MP03;PARAFUSO CABECA TIPO PANELA, Ø7MM, M5*12 MM, FENDA CRUZADA, ACO CARBONO 1022 GALVANIZADO (3030104520;UN;010108;31; 15.862,000 ; -   ; 15.862,000 ; 463,17 ; -   ;PROJETO COPEL FASE 1
3030106390;MP;MP03;PARAFUSO DE ACO INOXIDAVEL M6 Ø6,5MM (3030106390);UN;010108;28; 10,000 ; -   ; 10,000 ; 9,31 ; -   ;CDS PROJECTS ENERGY
3030109900;MP;MP03;PARAFUSO EM ACO INOX M6*16MM (3030109900);UN;010108;28; 47,000 ; -   ; 47,000 ; 18,84 ; -   ;CDS PROJECTS ENERGY
3030109900;MP;MP03;PARAFUSO EM ACO INOX M6*16MM (3030109900);UN;010108;31; 1.759,000 ; -   ; 1.759,000 ; 1.231,30 ; -   ;PROJETO COPEL FASE 1
3030702210;MP;MP03;PARAFUSO DE EXPANSAO M6*60 ACO INOXIDAVEL SUS304 MEIA ROSCA (3030702210);UN;010108;28; 32,000 ; -   ; 32,000 ; 2.165,61 ; -   ;CDS PROJECTS ENERGY
3031100260;MP;MP03;ARRUELA LISA EM ACO CARBONO Q235 Ø5.2MM*15MM*1MM (3031100260);UN;010108;31; 13.167,000 ; -   ; 13.167,000 ; 605,68 ; -   ;PROJETO COPEL FASE 1
3031101920;MP;MP03;ARRUELA LISA Ø5,3 MM, Ø10 MM X 1 MM - ACO INOXIDAVEL SUS 304 PASSIVADO (3031101920);UN;010108;31; 8.000,000 ; -   ; 8.000,000 ; 307,20 ; -   ;PROJETO COPEL FASE 1
3031101930;MP;MP03;ARRUELA LISA EM ACO INOX Ø6.4MM*12MM*1.6MM (3031101930);UN;010108;28; 45,000 ; -   ; 45,000 ; 9,34 ; -   ;CDS PROJECTS ENERGY
3031101930;MP;MP03;ARRUELA LISA EM ACO INOX Ø6.4MM*12MM*1.6MM (3031101930);UN;010108;31; 1.815,000 ; -   ; 1.815,000 ; 127,05 ; -   ;PROJETO COPEL FASE 1
3031101950;MP;MP03;ARRUELA LISA EM ACO INOX Ø10.5MM 20MM*2MM (3031101950);UN;010108;31; 1.382,000 ; -   ; 1.382,000 ; 150,64 ; -   ;PROJETO COPEL FASE 1
3031300280;MP;MP03;ARRUELA DE PRESSAO EM ACO INOX Ø6.1MM (3031300280);UN;010108;28; 45,000 ; -   ; 45,000 ; 8,93 ; -   ;CDS PROJECTS ENERGY
3031300280;MP;MP03;ARRUELA DE PRESSAO EM ACO INOX Ø6.1MM (3031300280);UN;010108;31; 3.298,000 ; -   ; 3.298,000 ; 106,53 ; -   ;PROJETO COPEL FASE 1
3031301750;MP;MP03;ARRUELA DE PRESSAO F5,1 MM, ACO INOXIDAVEL SUS 304 PASSIVADO (3031301750);UN;010108;31; 36.000,000 ; -   ; 36.000,000 ; 795,60 ; -   ;PROJETO COPEL FASE 1
3042302970;MP;MP07;CONECTOR TERMINAL PRE-ISOLADO SIMPLES ESTANHADO ISOLADO 750V;UN;010108;28; 1.600,000 ; -   ; 1.600,000 ; 159,04 ; -   ;CDS PROJECTS ENERGY
3051506010;MP;MP03;SUPORTE DE MONTAGEM (LONGO) SUS304 DE ACO INOXIDAVEL 1,2 MM 224×60×102MM 30515-EA7 (3051506010);UN;010108;28; 98,000 ; -   ; 98,000 ; 287,06 ; -   ;CDS PROJECTS ENERGY
3051506010;MP;MP03;SUPORTE DE MONTAGEM (LONGO) SUS304 DE ACO INOXIDAVEL 1,2 MM 224×60×102MM 30515-EA7 (3051506010);UN;010108;31; 6.554,000 ; -   ; 6.554,000 ; 655,40 ; -   ;PROJETO COPEL FASE 1
3051506520;MP;MP08;DISPOSITIVO ANTI-ROUBO P/ AP EM ACO INOXIDAVEL SUS304 2MM REF. 30523-AP-01/30523-AP-02 (3051506520);UN;010108;31; 157,000 ; -   ; 157,000 ; 11.630,56 ; -   ;PROJETO COPEL FASE 1
3051506540;MP;MP03;GRAMPO EM ACO INOXIDAVEL SUS304 - DIMENSOES: 2,0MM 345MM 40X40MM PARA AP1000 (3051506540);UN;010108;28; 18,000 ; -   ; 18,000 ; 298,66 ; -   ;CDS PROJECTS ENERGY
3051506540;MP;MP03;GRAMPO EM ACO INOXIDAVEL SUS304 - DIMENSOES: 2,0MM 345MM 40X40MM PARA AP1000 (3051506540);UN;010108;31; 313,000 ; -   ; 313,000 ; 16.801,84 ; -   ;PROJETO COPEL FASE 1
3051701630;MP;MP03;ARO SUS304 DE ACO INOXIDAVEL 0,3MM 1100*10MM 30517-BXI-03 FORMA DE DENTE (3051701630);UN;010108;28; 98,000 ; -   ; 98,000 ; 332,34 ; -   ;CDS PROJECTS ENERGY
3051701630;MP;MP03;ARO SUS304 DE ACO INOXIDAVEL 0,3MM 1100*10MM 30517-BXI-03 FORMA DE DENTE (3051701630);UN;010108;31; 4.827,000 ; -   ; 4.827,000 ; 6.950,88 ; -   ;PROJETO COPEL FASE 1
3052303190;MP;MP03;CHAPA DE ACO INOXIDAVEL PARA AP 300MM*115MM (3052303190);UN;010108;31; 48,000 ; -   ; 48,000 ; 1.120,80 ; -   ;PROJETO COPEL FASE 1
3061700120;MP;MP07;POSTE FINAL PARA TRILHO DIN;UN;010108;28; 230,000 ; -   ; 230,000 ; 33,05 ; -   ;CDS PROJECTS ENERGY
3070500161;MP;MP04;ABRACADEIRA DE NYLON 4X200MM PA66 BRANCA (3070500161);UN;010108;07; 648,000 ; -   ; 648,000 ; 30,07 ; -   ;LIVOLTEK - VENDAS
3090111330;MP;MP08;CABO DE ALIMENTACAO (3090111330);UN;010108;28; 10,000 ; -   ; 10,000 ; 213,42 ; -   ;CDS PROJECTS ENERGY
3090111330;MP;MP08;CABO DE ALIMENTACAO (3090111330);UN;010108;31; 106,000 ; -   ; 106,000 ; 6.255,06 ; -   ;PROJETO COPEL FASE 1
3090504180;MC;PV01;CABO DE REDE DE COMUNICACAO MCR / ECR PARA MCR / ECR (3090504180);UN;010108;31; 150,000 ; -   ; 150,000 ; 1.041,00 ; -   ;PROJETO COPEL FASE 1
3090504210;MP;MP08;CABO DE FORCA GE UPS PARA PLACA DE COMUTACAO (3090504210);UN;010108;31; 61,000 ; -   ; 61,000 ; 814,96 ; -   ;PROJETO COPEL FASE 1
3090504230;MP;MP08;CABO DE FORCA MW UPS PARA  MCR / ECR / CABOS VERMELHOS E PRETO 20AWG L500MM  (3090504230);UN;010108;31; 102,000 ; -   ; 102,000 ; 354,96 ; -   ;PROJETO COPEL FASE 1
3090504240;MP;AN01;(I) CABO DE REDE PLACA DE COMUTACAO/MCR P/ PROTETOR DE SOBRETENSAO ETHERNET(MODO SAF)38 CM (3090504240) (206.900.21);UN;010108;31; 30,000 ; -   ; 30,000 ; 150,30 ; -   ;PROJETO COPEL FASE 1
3090504260;MP;MP08;CABO DE FORCA PLACA DE COMUTACAO PARA MCR (3090504260);UN;010108;31; 123,000 ; -   ; 123,000 ; 557,19 ; -   ;PROJETO COPEL FASE 1
3090504270;MC;PV01;CABO DE REDE MCR PARA PLACA DE COMUTACAO (COM) - (3090504270);UN;010108;31; 50,000 ; -   ; 50,000 ; 234,50 ; -   ;PROJETO COPEL FASE 1
3090504280;MP;MP08;CABO DE FORCA MW UPS PARA BATERIA, CABOS VERMELHOS E PRETO 20AWG L400MM (3090504280);UN;010108;31; 38,000 ; -   ; 38,000 ; 156,56 ; -   ;PROJETO COPEL FASE 1
3090700080;MP;MP03;ARAME EM ACO INOXIDAVEL PARA SELO - COMPRIMENTO 100MM COM FIOS 3X0,3MM (3090700080);UN;010108;31; 107,000 ; -   ; 107,000 ; 2,14 ; -   ;PROJETO COPEL FASE 1
3090901020;MP;MP08;"CABO CONDUTOR ELETRICO MUNIDO DE PECAS DE CONEXAO, PARA UMA TENSAO DE ATE 1000V, CORRENTE 200A, CARREGAMENTO CCS 2. 5M;";UN;010108;07; 6,000 ; -   ; 6,000 ; 11.339,69 ; -   ;LIVOLTEK - VENDAS
3100703570;RV;RV01;CARTAO DE ACIONAMENTO POR APROXIMACAO PVC, 85.5*54MM, PADRAO LIVOLTEK;UN;010108;07; 56,000 ; -   ; 56,000 ; 258,26 ; -   ;LIVOLTEK - VENDAS
3990033500;MP;MP07;"PARTE EXCLUSIVA DE CONVERSORES ELETRICOS ESTATICOS TRAVA ELETRONICA;TENSAO NOMINAL 12V DC;TENSAO DE ALIMENTACAO:9-16V";UN;010108;07; 8,000 ; -   ; 8,000 ; 522,32 ; -   ;LIVOLTEK - VENDAS
3990200220;MP;MP03;ARRUELA LISA Ø6MM - PADRAO ASME B18 - ACO INOX (3990200220);UN;010108;31; 2.001,000 ; -   ; 2.001,000 ; 184,89 ; -   ;PROJETO COPEL FASE 1
5110017930;MP;MP07;GABINETE METALICO (P60) ACO INOX(SUS201, DIMENSOES 300 * 300 * 250 MM (5110017930);UN;010108;31; 39,000 ; -   ; 39,000 ; 11.787,29 ; -   ;PROJETO COPEL FASE 1
523000717001;RV;RV01;CONVERSOR ESTATICO DE POTENCIA TIPO ESTACAO DE RECARGA VEICULAR LCDC 60KW 2XCCS2 5M RFID ETHERNET 4G;UN;010108;07; 1,000 ; -   ; 1,000 ; 23.956,83 ; -   ;LIVOLTEK - VENDAS
5230007460;RV;RV01;CONVERSOR ESTATICO DE POTENCIA TIPO ESTACAO DE RECARGA VEICULAR 180KW 2XCCS2 5M RFID BLUETOOTH 4G;UN;010108;08; 1,000 ; -   ; 1,000 ; 64.996,79 ; -   ;LIVOLTEK - WARRANTY
525010020008;RV;RV01;MODULO DE COMUNICACAO PARA TRANSMISSAO E RECEPCAO DE DADOS EM REDES SEM FIO (WLAN), FREQUENCIA 2.4 GHZ, 54MBIT/S, 3.3VDC;UN;010108;07; 1.503,000 ; -   ; 1.503,000 ; 21.177,57 ; -   ;LIVOLTEK - VENDAS
525010021005;RV;RV01;MODULO DE COMUNICACAO WIFI (525010021005);UN;010108;07; 79,000 ; -   ; 79,000 ; 4.796,50 ; -   ;LIVOLTEK - VENDAS
525010027004;MP;MP07;PARTE EXCLUSIVA DE CONVERSORES ELETRICOS ESTATICOS PLACA DE CONTROLE DA TRAVA ELETRONICA (525010027004);UN;010108;07; 8,000 ; -   ; 8,000 ; 113,97 ; -   ;LIVOLTEK - VENDAS
525010035012;MP;MP07;PARTE EXCLUSIVA DE CONVERSORES ELETRICOS ESTATICOS PLACA DE CONTROLE DE CARREGAMENTO(CCU);UN;010108;07; 7,000 ; -   ; 7,000 ; 3.308,23 ; -   ;LIVOLTEK - VENDAS
525010040003;MP;MP07;"PARTE EXCLUSIVA DE CONVERSORES ELETRICOS ESTATICOS PLACA DE CONTROLE DE LED;181.5*20 LED STATUS DE RECARREGAMENTO";UN;010108;07; 8,000 ; -   ; 8,000 ; 114,51 ; -   ;LIVOLTEK - VENDAS
525010042005;MP;MP07;PARTE EXCLUSIVA DE CONVERSORES ELETRICOS ESTATICOS PLACA DE CONTROLE PLC (525010042005);UN;010108;07; 8,000 ; -   ; 8,000 ; 535,30 ; -   ;LIVOLTEK - VENDAS
525010043001;MP;MP07;"PARTE EXCLUSIVA DE CONVERSORES ELETRICOS ESTATICOS PLACA DE CONTROLE DE LED;181.5MM*20MM LED DE STATUS LIGADO";UN;010108;07; 8,000 ; -   ; 8,000 ; 104,52 ; -   ;LIVOLTEK - VENDAS
525010044002;MP;MP07;"PARTE EXCLUSIVA DE CONVERSORES ELETRICOS ESTATICOS PLACA DE CONTROLE DE LED;261.5MM*20MM LED DE STATUS LIGADO";UN;010108;07; 7,000 ; -   ; 7,000 ; 133,53 ; -   ;LIVOLTEK - VENDAS
525030024002;RV;RV01;MAQUINAS AUTOMATICA PARA PROCESSAMENTO DE DADOS TIPO LEITOR DE CARTOES MAGNETICOS RFID KIT PARA AC EV-CHARGER;UN;010108;07; 56,000 ; -   ; 56,000 ; 2.969,30 ; -   ;LIVOLTEK - VENDAS
525030073001;MP;MP07;"PARTE EXCLUSIVA DE CONVERSORES ELETRICOS ESTATICOS GERENCIAMENTO DE CABOS RODA DE QUATRO VIAS; 82.5X55X16MM;ROHS";UN;010108;07; 7,000 ; -   ; 7,000 ; 151,04 ; -   ;LIVOLTEK - VENDAS
525030074001;MP;MP07;"BALANCEADOR  DO GERENCIADOR DE CABOS;SCCR -FC-XX-L(R); LADO ESQUERDO";UN;010108;07; 1,000 ; -   ; 1,000 ; 329,81 ; -   ;LIVOLTEK - VENDAS
525030075001;MP;MP07;"PARTE EXCLUSIVA DE CONVERSORES ELETRICOS ESTATICOS BALANCEADOR DO GERENCIADOR DE CABOS;D30.2 ;170X164X66.5MM;ROHS";UN;010108;07; 2,000 ; -   ; 2,000 ; 624,32 ; -   ;LIVOLTEK - VENDAS
525030076001;MP;MP07;"PARTE EXCLUSIVA DE CONVERSORES ELETRICOS ESTATICOS BALANCEADOR DO GERENCIADOR DE CABOS; D30.2;170X164X66.5MM;ROHS";UN;010108;07; 3,000 ; -   ; 3,000 ; 934,20 ; -   ;LIVOLTEK - VENDAS
525030077001;MP;MP07;"BALANCEADOR  DO GERENCIADOR DE CABOS;SCCR -FC-XX-L(R); LADO DIREITO";UN;010108;07; 1,000 ; -   ; 1,000 ; 329,81 ; -   ;LIVOLTEK - VENDAS
525030096001;MP;MP07;"ARO DE CONEXAO DO CABO DE RECARGA DO GERENCIADOR DE CABOS; BRACACEIRA 30.2MM";UN;010108;07; 1,000 ; -   ; 1,000 ; 17,02 ; -   ;LIVOLTEK - VENDAS
525030098001;MP;MP07;"PARTE EXCLUSIVA DE CONVERSORES ELETRICOS ESTATICOS ARO (CONJUNTO DA BRACADEIRA DO CABO DE CARREGAMENTO);DIAMETRO 30.2MM;";UN;010108;07; 7,000 ; -   ; 7,000 ; 122,46 ; -   ;LIVOLTEK - VENDAS
6001014980;MP;MP08;"MODULO DE POTENCIA AC/DC 30KW; SAIDA DC 0-1000V;USADO NA ESTACAO MF DC (6001014980)";UN;010108;07; 62,000 ; -   ; 62,000 ; 283.827,03 ; -   ;LIVOLTEK - VENDAS
6001015000;PA;PA51;"MEDIDOR DE ENERGIA EM CORRENTE CONTINUA DC;DCM230 -2-1;9-40VDC ;5-1000VDC";UN;010108;07; 1,000 ; -   ; 1,000 ; 228,82 ; -   ;LIVOLTEK - VENDAS
8010300780;MP;MP07;CABO SOLAR 1,8 KV CC VERMELHO;UN;010108;28; 1.300,000 ; -   ; 1.300,000 ; 3.547,96 ; -   ;CDS PROJECTS ENERGY
8010400600;MP;MP07;CONECTOR DE 8 POSICOES 1000V;UN;010108;28; 175,000 ; -   ; 175,000 ; 572,85 ; -   ;CDS PROJECTS ENERGY
8010400610;MP;MP08;BORNE PUSH IN 3P 6MM PARA TRILHO DIN 1000V 41A;UN;010108;28; 105,000 ; -   ; 105,000 ; 242,28 ; -   ;CDS PROJECTS ENERGY
8010500480;MP;MP03;CHAPA DE ACO METALICA DE 1.6M²;UN;010108;28; 10,002 ; -   ; 10,002 ; 4.097,35 ; -   ;CDS PROJECTS ENERGY
8010500490;MP;MP03;PARAFUSO AUTOPERFURANTE M6*20MM SEXTAVADO GALVANIZACAO ZINCADO ROSCA COMPLETA;UN;010108;28; 1.000,000 ; -   ; 1.000,000 ; 294,40 ; -   ;CDS PROJECTS ENERGY
8020400430;RV;MP08;CARREGADOR DE ACUMULADOR (CA) PORTATIL PARA CARREGAR DISPOSITIVOS CONVENCIONAIS CAP. 12,8V/130500MAH;UN;010108;07; 23,000 ; -   ; 23,000 ; 33.170,82 ; -   ;LIVOLTEK - VENDAS
8020400440;RV;MP08;CARREGADOR DE ACUMULADOR (CA) PORTATIL PARA CARREGAR DISPOSITIVOS CONVENCIONAIS CAP. 22,4V/133200MAH;UN;010108;07; 22,000 ; -   ; 22,000 ; 51.253,50 ; -   ;LIVOLTEK - VENDAS
8020400450;MP;MP08;DISPOSITIVO FOTOSSENSIVEL SEMICONDUTOR, CELULAS FOTOVOLTAICAS MONTADAS EM PAINEL SOLAR - 100 W;UN;010108;07; 94,000 ; -   ; 94,000 ; 53.872,34 ; -   ;LIVOLTEK - VENDAS
8020400600;RV;MP08;CARREGADOR DE ACUMULADOR (CA) PORTATIL PARA CARREGAR DISPOSITIVOS CONVENCIONAIS CAP. 14,8V/80000MAH;UN;010108;07; 21,000 ; -   ; 21,000 ; 18.560,93 ; -   ;LIVOLTEK - VENDAS
8040101110;RV;RV01;MODULO FOTOVOLTAICO 700WP BIFACIAL HJT RISEN (RSM132-8-700BHDG);UN;010108;16; 1,000 ; -   ; 1,000 ; 224,64 ; -   ;SOLAR SCRAPPED
8040101110;RV;RV01;MODULO FOTOVOLTAICO 700WP BIFACIAL HJT RISEN (RSM132-8-700BHDG);UN;010108;28; 15,000 ; -   ; 15,000 ; 3.440,44 ; -   ;CDS PROJECTS ENERGY
84449;MP;AN01;BOLSA PARA FERRAMENTA (CAPARUNGA);UN;010108;31; 10,000 ; -   ; 10,000 ; 288,30 ; -   ;PROJETO COPEL FASE 1
84896;MP;AN01;ESTOJO PARA LACRES;UN;010108;31; 10,000 ; -   ; 10,000 ; 518,60 ; -   ;PROJETO COPEL FASE 1
84949;MP;AN01;VERRUMA MANUAL 4 MM;UN;010108;31; 10,000 ; -   ; 10,000 ; 147,60 ; -   ;PROJETO COPEL FASE 1
9110990007;MP;MP04;"LUVA ROSCAVEL PVC PARA ELETRODUTO RIGIDO 3/4"" NA COR PRETO";UN;010108;28; 101,000 ; -   ; 101,000 ; 154,26 ; -   ;CDS PROJECTS ENERGY
9110990008;MP;MP04;"LUVA ROSCAVEL PVC PARA ELETRODUTO RIGIDO 1/2"" NA COR PRETO";UN;010108;28; 134,000 ; -   ; 134,000 ; 140,35 ; -   ;CDS PROJECTS ENERGY
9110990009;MP;MP04;"CURVA 90° ROSCAVEL PVC PARA ELETRODUTO RIGIDO 3/4""";UN;010108;28; 55,000 ; -   ; 55,000 ; 108,25 ; -   ;CDS PROJECTS ENERGY
9110990010;MP;MP04;"CURVA 180° ROSCAVEL PVC PARA ELETRODUTO RIGIDO 3/4""";UN;010108;28; 41,000 ; -   ; 41,000 ; 199,02 ; -   ;CDS PROJECTS ENERGY
9110990011;MP;MP04;"BOX RETO PVC PARA ELETRODUTO 3/4"" NA COR PRETO";UN;010108;28; 49,000 ; -   ; 49,000 ; 35,21 ; -   ;CDS PROJECTS ENERGY
9110990013;MP;MP04;CAIXA CONICA EM PVC INSPECAO ATERRAMENTO ELETRICO COM TAMPA 170MM*250MM;UN;010108;28; 60,000 ; -   ; 60,000 ; 570,65 ; -   ;CDS PROJECTS ENERGY
9120150000;MP;MP07;GABINETE METALICO (P60) EM ACO INOX DIMENSOES 300*300*250MM, COM LOGO COPEL;UN;010108;28; 15,000 ; -   ; 15,000 ; 4.861,45 ; -   ;CDS PROJECTS ENERGY
9120213002;MP;MP04;PLACA PERIGO: RISCO DE CHOQUE ELETRICO COM LOGOMARCA DA COPEL ADESIVO PVC COM PROTECAO UVA/UVB 200X200/2MM DUPLA FACE;UN;010108;28; 34,000 ; -   ; 34,000 ; 788,39 ; -   ;CDS PROJECTS ENERGY
9120230220;MP;MP03;"""CONECTOR DE COMPRESSAO PARA ATERRAMENTO LIGA DE COBRE - HASTE 1/2"""" - 5/8"""" DERIVACAO 16-35MM²""";UN;010108;32; 533,000 ; -   ; 533,000 ; 17.506,81 ; -   ;PROJETO CELESC
9120230221;MP;MP03;CONECTOR DERIVACAO PERFURANTE PARA REDE NUA, PRINCIPAL 35 - 95MM2, DERIVACAO 1 - 10MM2;UN;010108;32; 538,000 ; -   ; 538,000 ; 4.616,04 ; -   ;PROJETO CELESC
9120253016;MP;MP07;ARRUELA QUADRADA;UN;010108;31; 800,000 ; -   ; 800,000 ; 2.552,00 ; -   ;PROJETO COPEL FASE 1
9120258608;MP;MP03;CHAPA DE ACO 1,6 MM² 60CM X 60CM;UN;010108;28; 45,004 ; -   ; 45,004 ; 9.861,38 ; -   ;CDS PROJECTS ENERGY
9120258612;MP;MP03;CHAPA DE ACO 60X60CM COM PROTECAO POR PINTURA ELETROSTATICA NA COR LARANJA;UN;010108;28; 16,000 ; -   ; 16,000 ; 2.311,03 ; -   ;CDS PROJECTS ENERGY
9120259002;MP;MP03;CINTA POSTE CIRCULAR ACO GALVANIZADO 150 MM;UN;010108;32; 46,000 ; -   ; 46,000 ; 1.597,23 ; -   ;PROJETO CELESC
9120259003;MP;MP03;CINTA POSTE CIRCULAR ACO GALVANIZADO 110 MM;UN;010108;31; 17,000 ; -   ; 17,000 ; 647,02 ; -   ;PROJETO COPEL FASE 1
9120262510;MP;MP03;SUPORTE PARA FIXACAO EM POSTE, DA ANTENA YAGI OU PLANO-TERRA, FABRICANTE ARS (CODIGO 41264);UN;010108;32; 25,000 ; -   ; 25,000 ; 13.665,30 ; -   ;PROJETO CELESC
9120262511;MP;MP03;SUPORTE COM FIXACAO, EM ACO GALVANIZADO A FOGO, PARA FIXACAO EM TORRE CELESC, FABRICANTE ARS, CODIGO 506649;UN;010108;32; 5,000 ; -   ; 5,000 ; 3.902,69 ; -   ;PROJETO CELESC
9120265127;MP;MP03;PORCA INOX SEXTAVADA CHAVE 14, 3/8 -  M14;UN;010108;28; 209,000 ; -   ; 209,000 ; 256,90 ; -   ;CDS PROJECTS ENERGY
9120265130;MP;MP03;PORCA SEXTAVADA M10 EM ACO INOXIDAVEL;UN;010108;28; 162,000 ; -   ; 162,000 ; 172,42 ; -   ;CDS PROJECTS ENERGY
9120265300;MP;MP03;SELO EM ALUMINIO DIAMETRO 4MM, COMPRIMENTO 10MM;UN;010108;31; 500,000 ; -   ; 500,000 ; 182,20 ; -   ;PROJETO COPEL FASE 1
9120266050;MP;MP03;TAMPA CIRCULAR EM ACO INOXIDAVEL PARA PADRAO COLETIVO DIAMETRO 50MM, ESPESSURA 1MM;UN;010108;32; 61.933,000 ; -   ; 61.933,000 ; 87.232,63 ; -   ;PROJETO CELESC
9120269429;MP;MP03;ARRUELA QUADRADA EM ACO INOXIDAVEL 50MM X 50MM M13;UN;010108;28; 224,000 ; -   ; 224,000 ; 500,60 ; -   ;CDS PROJECTS ENERGY
9120276002;MP;MP03;TRILHO DIN PERFURADO- 1000 X 35 X 7,5 MM  - ZINCADO;UN;010108;32; 758,163 ; -   ; 758,163 ; 10.044,14 ; -   ;PROJETO CELESC
9120280007;MP;MP03;SUPORTE PARA POSTE DUPLO T 140X75;UN;010108;28; 40,000 ; -   ; 40,000 ; 4.550,02 ; -   ;CDS PROJECTS ENERGY
9120280007;MP;MP03;SUPORTE PARA POSTE DUPLO T 140X75;UN;010108;31; 220,000 ; -   ; 220,000 ; 32.164,00 ; -   ;PROJETO COPEL FASE 1
9120280008;MP;MP03;SUPORTE PARA POSTE DUPLO T 150X85;UN;010108;31; 220,000 ; -   ; 220,000 ; 41.804,40 ; -   ;PROJETO COPEL FASE 1
9120280009;MP;MP03;SUPORTE PARA POSTE DUPLO T 185X95;UN;010108;31; 50,000 ; -   ; 50,000 ; 7.890,17 ; -   ;PROJETO COPEL FASE 1
9120280010;MP;MP03;SUPORTE PARA POSTE DUPLO T 195X100;UN;010108;31; 50,000 ; -   ; 50,000 ; 6.259,60 ; -   ;PROJETO COPEL FASE 1
9120292203;MP;MP03;ABRACADEIRA GALVANZIADA PARA 1 POLEGADA COM CUNHA;UN;010108;28; 124,000 ; 24,000 ; 100,000 ; 114,06 ; 22,08 ;CDS PROJECTS ENERGY
9120292207;MP;MP03;ABRACADEIRA METALICA EM U PARA FIXACAO DE ANTENA;UN;010108;31; 81,000 ; -   ; 81,000 ; 2.401,65 ; -   ;PROJETO COPEL FASE 1
9120292216;MP;MP03;"ABRACADEIRA TIPO D INOX COM PARAFUSO PARA ELETRODUTO 3/4""";UN;010108;28; 184,000 ; -   ; 184,000 ; 1.067,84 ; -   ;CDS PROJECTS ENERGY
9120292217;MP;MP03;"ABRACADEIRA TIPO D INOX COM PARAFUSO PARA ELETRODUTO 1/2""";UN;010108;28; 130,000 ; -   ; 130,000 ; 995,22 ; -   ;CDS PROJECTS ENERGY
9120292408;MP;MP03;ARRUELA INOX LISA M14;UN;010108;28; 309,900 ; -   ; 309,900 ; 322,17 ; -   ;CDS PROJECTS ENERGY
9120292409;MP;MP03;ARRUELA INOX DE PRESSAO M14;UN;010108;28; 304,900 ; -   ; 304,900 ; 431,49 ; -   ;CDS PROJECTS ENERGY
9120292901;MP;MP03;SUPORTE METALICO PARA BATERIA DE 12AH;UN;010108;31; 80,000 ; -   ; 80,000 ; 230,26 ; -   ;PROJETO COPEL FASE 1
9120400100;MP;MP04;CAIXA MULTI INSPECAO 24X24X20CM;UN;010108;32; 159,000 ; -   ; 159,000 ; 3.593,27 ; -   ;PROJETO CELESC
91204100A1;MP;MP07;CAIXA DE SOBREPOR PARA DISJUNTOR DIN BIPOLAR;UN;010108;32; 49.366,000 ; -   ; 49.366,000 ; 347.294,75 ; -   ;PROJETO CELESC
91204100A2;MP;MP07;CAIXA DE SOBREPOR PARA DISJUNTOR DIN TRIPOLAR;UN;010108;32; 11.664,000 ; -   ; 11.664,000 ; 97.102,80 ; -   ;PROJETO CELESC
9120454231;MP;MP04;LACRE DE SEGURANCA MODELO ALOCK - COPEL;UN;010108;31; 57,000 ; -   ; 57,000 ; 51,87 ; -   ;PROJETO COPEL FASE 1
9120454600;MP;MP04;LACRE DE SEGURANCA TRANK 4 (SEM PAV) - ELETRA;UN;010108;28; 40,000 ; -   ; 40,000 ; 23,36 ; -   ;CDS PROJECTS ENERGY
9120484700;MP;MP04;CAIXA DE MEDICAO MONOFASICA DE PLASTICO PADRAO COPEL COM VISOR DE VIDRO 430*260*160MM;UN;010108;28; 31,000 ; -   ; 31,000 ; 2.191,63 ; -   ;CDS PROJECTS ENERGY
9120499911;MP;MP04;CAIXAS EM POLICARBONATO PARA DISJUNTORES NEMA E DIN STRAHL - MODELO 3082/FSM - 3/4'';UN;010108;32; 5,000 ; -   ; 5,000 ; 224,21 ; -   ;PROJETO CELESC
9120590519;MP;MP03;SUPORTE DE ANTENA PARA TELHADO, GALVANIZADO A FOGO;UN;010108;31; 69,000 ; -   ; 69,000 ; 1.611,84 ; -   ;PROJETO COPEL FASE 1
9120590530;RV;RV01;TERMINAL OLHAL VERDE 1.5 MM2;UN;010108;30; 600,000 ; -   ; 600,000 ; 69,06 ; -   ;PROJETO COPEL FASE 2
9120590530;RV;RV01;TERMINAL OLHAL VERDE 1.5 MM2;UN;010108;31; 100,000 ; -   ; 100,000 ; 29,00 ; -   ;PROJETO COPEL FASE 1
9120590573;MP;MP03;ESTRUTURA METALICA SIGFI TORRE EM ALUMINIO E ESTACAS EM ACO GALVANIZADO 150UM PARA 3 MODULOS FV DE 700W 4200 X 2500MM-SS;UN;010108;28; 14,000 ; -   ; 14,000 ; 16.043,79 ; -   ;CDS PROJECTS ENERGY
9120602400;MP;MP08;ANTENA DIRECIONAL YAGI 406-430MHZ- MODELO DIRU-120/8G FABRICANTE ARS;UN;010108;04;-89,000 ; -   ;-89,000 ; -   ; -   ;EXPEDICAO
9120602400;MP;MP08;ANTENA DIRECIONAL YAGI 406-430MHZ- MODELO DIRU-120/8G FABRICANTE ARS;UN;010108;31; 183,000 ; -   ; 183,000 ; 156.883,59 ; -   ;PROJETO COPEL FASE 1
9120611230;MP;MP08;CONVERSOR DE MIDIA SM, MONOFIBRA, SC/APC, PORTA RJ45, 10/100MBPS, 5-12VCC- LADO A- 20KM;UN;010108;30; 30,000 ; -   ; 30,000 ; 10.200,00 ; -   ;PROJETO COPEL FASE 2
9120670111;MP;MP07;CONECTOR DERIVACAO TIPO CUNHA SIMETRICO - TIPO I - CINZA (93001-6) - INCESA;UN;010108;32; 119,000 ; -   ; 119,000 ; 1.246,99 ; -   ;PROJETO CELESC
9120690041;RV;RV01;ANTENA DIRECIONAL YAGI;UN;010108;30; 216,000 ; -   ; 216,000 ; 77.664,38 ; -   ;PROJETO COPEL FASE 2
9120690505;RV;RV01;CHAVE FUSIVEL TIPO C 15 KV - 300 A PORCELANA C/ PF¹;UN;010108;30; 260,000 ; -   ; 260,000 ; 63.108,27 ; -   ;PROJETO COPEL FASE 2
9120690505;RV;RV01;CHAVE FUSIVEL TIPO C 15 KV - 300 A PORCELANA C/ PF¹;UN;010108;31; 12,000 ; -   ; 12,000 ; 4.251,00 ; -   ;PROJETO COPEL FASE 1
9120690506;RV;RV01;CHAVE FUSIVEL TIPO C 34,5 KV - 300 A PORCELANA C/ PF²;UN;010108;30; 59,000 ; -   ; 59,000 ; 17.409,52 ; -   ;PROJETO COPEL FASE 2
9120690506;RV;RV01;CHAVE FUSIVEL TIPO C 34,5 KV - 300 A PORCELANA C/ PF²;UN;010108;31; 130,000 ; -   ; 130,000 ; 41.009,53 ; -   ;PROJETO COPEL FASE 1
9120690507;RV;RV01;CRUZETA DE CONCRETO 250 DAN;UN;010108;30; 138,000 ; -   ; 138,000 ; 19.796,82 ; -   ;PROJETO COPEL FASE 2
9120690507;RV;RV01;CRUZETA DE CONCRETO 250 DAN;UN;010108;31; 220,000 ; -   ; 220,000 ; 33.577,50 ; -   ;PROJETO COPEL FASE 1
9120690516;RV;RV01;SUPORTE L PARA FIXACAO DE CF EM CRUZETA;UN;010108;30; 40,000 ; -   ; 40,000 ; 1.520,79 ; -   ;PROJETO COPEL FASE 2
9120690516;RV;RV01;SUPORTE L PARA FIXACAO DE CF EM CRUZETA;UN;010108;31; 848,000 ; -   ; 848,000 ; 25.885,20 ; -   ;PROJETO COPEL FASE 1
9120690519;RV;RV01;SUPORTE DE MONTAGEM PT;UN;010108;30; 10,000 ; -   ; 10,000 ; 2.766,45 ; -   ;PROJETO COPEL FASE 2
9120690519;RV;RV01;SUPORTE DE MONTAGEM PT;UN;010108;31; 201,000 ; -   ; 201,000 ; 58.566,38 ; -   ;PROJETO COPEL FASE 1
9120690530;RV;RV01;PARA-RAIO 15 KV;UN;010108;30; 372,000 ; -   ; 372,000 ; 58.425,09 ; -   ;PROJETO COPEL FASE 2
9120690530;RV;RV01;PARA-RAIO 15 KV;UN;010108;31; 50,000 ; -   ; 50,000 ; 10.691,00 ; -   ;PROJETO COPEL FASE 1
9120690531;MP;MP08;PARA-RAIO 34,5 KV;UN;010108;30; 84,000 ; -   ; 84,000 ; 19.989,05 ; -   ;PROJETO COPEL FASE 2
9120690531;MP;MP08;PARA-RAIO 34,5 KV;UN;010108;31; 36,000 ; -   ; 36,000 ; 13.014,00 ; -   ;PROJETO COPEL FASE 1
9120690719;RV;RV01;SUPORTE DE MONTAGEM GEP70;UN;010108;30; 20,000 ; -   ; 20,000 ; 712,82 ; -   ;PROJETO COPEL FASE 2
9120691396;MP;MP07;FONTE UPS MCE, MODELO CN 12/10, 85-264 VCA, 12VCC/10A;UN;010108;31; 300,000 ; -   ; 300,000 ; 250.582,50 ; -   ;PROJETO COPEL FASE 1
9120691414;MP;MP08;PROTETOR DE SURTO (DPS) CLAMPER - 014308 - FRONT 275V 45KA;UN;010108;32; 5,000 ; -   ; 5,000 ; 251,74 ; -   ;PROJETO CELESC
9120691415;MP;MP07;PROTETOR DE EMENDA OPTICA;UN;010108;30; 100,000 ; -   ; 100,000 ; 30,00 ; -   ;PROJETO COPEL FASE 2
9120691418;MP;MP07;KIT DE DERIVACAO OPTICA COM SISTEMA DE VEDACAO SVT;UN;010108;30; 20,000 ; -   ; 20,000 ; 640,00 ; -   ;PROJETO COPEL FASE 2
9120692030;MP;MP07;BATERIA 12V 12A/H - ACESSORIOS GE;UN;010108;30; 83,000 ; -   ; 83,000 ; 8.833,51 ; -   ;PROJETO COPEL FASE 2
9120692030;MP;MP07;BATERIA 12V 12A/H - ACESSORIOS GE;UN;010108;31; 376,000 ; -   ; 376,000 ; 45.211,52 ; -   ;PROJETO COPEL FASE 1
9120692031;RV;RV01;BATERIA 12V 5A/H - ACESSORIOS GE;UN;010108;30; 83,000 ; -   ; 83,000 ; 4.184,98 ; -   ;PROJETO COPEL FASE 2
9120692048;MP;MP03;ADAPTADOR C/ CENTELHADOR NA-42-PROTETOR DE SURTO P/ ANTENAS RADIOFREQ. INSTALADO NA BASE DA CAIXA GE;UN;010108;30; 247,000 ; -   ; 247,000 ; 17.608,04 ; -   ;PROJETO COPEL FASE 2
9120692048;MP;MP03;ADAPTADOR C/ CENTELHADOR NA-42-PROTETOR DE SURTO P/ ANTENAS RADIOFREQ. INSTALADO NA BASE DA CAIXA GE;UN;010108;31; 620,000 ; -   ; 620,000 ; 23.144,60 ; -   ;PROJETO COPEL FASE 1
9120692082;MP;MP10;PLACA DE IDENTIFICACAO DO MEDIDOR - UTILIZACAO APOS A MEDICAO;UN;010108;30; 127.219,000 ; -   ; 127.219,000 ; 106.673,13 ; -   ;PROJETO COPEL FASE 2
9120692082;MP;MP10;PLACA DE IDENTIFICACAO DO MEDIDOR - UTILIZACAO APOS A MEDICAO;UN;010108;38; 81.000,000 ; -   ; 81.000,000 ; 72.900,00 ; -   ;COPEL FASE 4.1-ELENG
9120692082;MP;MP10;PLACA DE IDENTIFICACAO DO MEDIDOR - UTILIZACAO APOS A MEDICAO;UN;010108;41; 14.950,000 ; -   ; 14.950,000 ; 12.537,07 ; -   ;COPEL 4.1: ENERGEC
9120692196;RV;RV01;CONECTOR MACHO PLUG RJ45 CAT5E BLINDADO;UN;010108;30; 316,000 ; -   ; 316,000 ; 553,44 ; -   ;PROJETO COPEL FASE 2
9120692196;RV;RV01;CONECTOR MACHO PLUG RJ45 CAT5E BLINDADO;UN;010108;31; 900,000 ; -   ; 900,000 ; 1.207,08 ; -   ;PROJETO COPEL FASE 1
9120692401;MP;MP05;ABRACADEIRA DE NYLON 203 MM DDT - 1750 I3 - COR PRETA;UN;010108;30; 600,000 ; -   ; 600,000 ; 56,34 ; -   ;PROJETO COPEL FASE 2
9120692401;MP;MP05;ABRACADEIRA DE NYLON 203 MM DDT - 1750 I3 - COR PRETA;UN;010108;31; 400,000 ; -   ; 400,000 ; 32,92 ; -   ;PROJETO COPEL FASE 1
9120692401;MP;MP05;ABRACADEIRA DE NYLON 203 MM DDT - 1750 I3 - COR PRETA;UN;010108;32; 20.621,585 ; -   ; 20.621,585 ; 2.014,73 ; -   ;PROJETO CELESC
9120692405;MP;MP08;"""ABRACADEIRA INTERLIGACAO MASTRO SIMPLES 1.1/2""""""";UN;010108;28; 22,000 ; -   ; 22,000 ; 867,88 ; -   ;CDS PROJECTS ENERGY
9120692405;MP;MP08;"""ABRACADEIRA INTERLIGACAO MASTRO SIMPLES 1.1/2""""""";UN;010108;32; 80,000 ; -   ; 80,000 ; 1.204,29 ; -   ;PROJETO CELESC
9120692406;MP;MP04;"BUCHA DE REDUCAO 1.1/2 X 3/4""";UN;010108;28; 20,000 ; -   ; 20,000 ; 414,21 ; -   ;CDS PROJECTS ENERGY
9120692406;MP;MP04;"BUCHA DE REDUCAO 1.1/2 X 3/4""";UN;010108;32; 40,000 ; -   ; 40,000 ; 864,37 ; -   ;PROJETO CELESC
9120692408;MP;MP08;"""APOIO PARA MASTRO TUBO 1.1/2""""""";UN;010108;32; 5,000 ; -   ; 5,000 ; 101,59 ; -   ;PROJETO CELESC
9120692409;MP;MP08;CABO LMR 400 COM 2 CONECTOR MACHO RETO (2 METROS);UN;010108;31; 25,000 ; -   ; 25,000 ; 6.382,00 ; -   ;PROJETO COPEL FASE 1
9120692410;MP;MP08;CABO LMR 400 COM 2 CONECTOR MACHO RETO (4 METROS);UN;010108;31; 20,000 ; -   ; 20,000 ; 7.524,60 ; -   ;PROJETO COPEL FASE 1
9120692411;MP;MP07;CONECTOR EMENDA WAGO 2 VIAS PCT-212;UN;010108;30; 250,000 ; -   ; 250,000 ; 880,08 ; -   ;PROJETO COPEL FASE 2
9120692411;MP;MP07;CONECTOR EMENDA WAGO 2 VIAS PCT-212;UN;010108;31; 3.255,000 ; -   ; 3.255,000 ; 14.647,50 ; -   ;PROJETO COPEL FASE 1
9120692525;RV;RV01;CONVERSORES DE TENSAO (24V A 15V 3A);UN;010108;30; 18,000 ; -   ; 18,000 ; 2.152,80 ; -   ;PROJETO COPEL FASE 2
9120692535;MP;MP03;CABO DE ACO COBREADO PARA ATERRAMENTO 16MM 7 FIOS;UN;010108;28; 20,000 ; -   ; 20,000 ; 129,52 ; -   ;CDS PROJECTS ENERGY
9120692535;MP;MP03;CABO DE ACO COBREADO PARA ATERRAMENTO 16MM 7 FIOS;UN;010108;30; 1.959,000 ; -   ; 1.959,000 ; 18.103,12 ; -   ;PROJETO COPEL FASE 2
9120692535;MP;MP03;CABO DE ACO COBREADO PARA ATERRAMENTO 16MM 7 FIOS;UN;010108;31; 9.300,000 ; -   ; 9.300,000 ; 125.165,91 ; -   ;PROJETO COPEL FASE 1
9120692536;MP;MP03;CABO DE ACO COBREADO P/ ATERRAMENTO BIMETALICO 25 MM², 7 FIOS - 53% IACS;UN;010108;32; 2.000,000 ; -   ; 2.000,000 ; 23.112,40 ; -   ;PROJETO CELESC
9120692550;MP;MP07;CORDAO OPTICO SIMPLEX SM MONOMODO LC-PC/SC-APC, DIAMETRO 2MM - TAMANHO 10M;UN;010108;30; 15,000 ; -   ; 15,000 ; 1.327,50 ; -   ;PROJETO COPEL FASE 2
9120692914;MP;MP07;CONECTOR ATERRAMENTO CUNHA COBRE - FIO/FIO - 16 MM X 16 MM;UN;010108;30; 402,000 ; -   ; 402,000 ; 24.588,89 ; -   ;PROJETO COPEL FASE 2
9120692914;MP;MP07;CONECTOR ATERRAMENTO CUNHA COBRE - FIO/FIO - 16 MM X 16 MM;UN;010108;31; 1.900,000 ; -   ; 1.900,000 ; 16.099,84 ; -   ;PROJETO COPEL FASE 1
9120692915;MP;MP08;CONECTOR CUNHA 02 CA X 16 MM2;UN;010108;31; 250,000 ; -   ; 250,000 ; 3.195,00 ; -   ;PROJETO COPEL FASE 1
9120692916;MP;MP08;CONECTOR DERIVACAO PARA LINHA VIVA;UN;010108;31; 100,000 ; -   ; 100,000 ; 5.234,00 ; -   ;PROJETO COPEL FASE 1
9120692917;MP;MP08;CONECTOR TERMINAL DE COMPRESSAO CU 16 MM²;UN;010108;31; 1.100,000 ; -   ; 1.100,000 ; 3.036,00 ; -   ;PROJETO COPEL FASE 1
9120692918;RV;RV01;MAO FRANCESA PLANA REFORCADA 619X32MM;UN;010108;30; 20,000 ; -   ; 20,000 ; 401,33 ; -   ;PROJETO COPEL FASE 2
9120692918;RV;RV01;MAO FRANCESA PLANA REFORCADA 619X32MM;UN;010108;31; 454,000 ; -   ; 454,000 ; 9.490,87 ; -   ;PROJETO COPEL FASE 1
9120692937;RV;RV01;CONECTOR TERMINAL DE COMPRESSAO COBRE 16 MM²;UN;010108;30; 183,000 ; -   ; 183,000 ; 7.505,27 ; -   ;PROJETO COPEL FASE 2
9120692937;RV;RV01;CONECTOR TERMINAL DE COMPRESSAO COBRE 16 MM²;UN;010108;31; 1.000,000 ; -   ; 1.000,000 ; 2.035,00 ; -   ;PROJETO COPEL FASE 1
9120692941;MP;MP07;CONECTOR FORQUILHA DE TERMINAL 1,5MM2 (VERMELHO);UN;010108;30; 300,000 ; -   ; 300,000 ; 35,76 ; -   ;PROJETO COPEL FASE 2
9120692941;MP;MP07;CONECTOR FORQUILHA DE TERMINAL 1,5MM2 (VERMELHO);UN;010108;31; 4.000,000 ; -   ; 4.000,000 ; 607,60 ; -   ;PROJETO COPEL FASE 1
9120692942;RV;RV01;CONECTOR FORQUILHA DE TERMINAL 2,5MM2 (AZUL);UN;010108;30; 500,000 ; -   ; 500,000 ; 59,65 ; -   ;PROJETO COPEL FASE 2
9120692943;MP;MP07;CONECTOR PINO DE TERMINAL 1,5MM2 (VERMELHO);UN;010108;30; 500,000 ; -   ; 500,000 ; 69,60 ; -   ;PROJETO COPEL FASE 2
9120692943;MP;MP07;CONECTOR PINO DE TERMINAL 1,5MM2 (VERMELHO);UN;010108;31; 50,000 ; -   ; 50,000 ; 11,00 ; -   ;PROJETO COPEL FASE 1
9120692944;MP;MP07;CONECTOR PINO DE TERMINAL 2,5MM2 (AZUL);UN;010108;30; 500,000 ; -   ; 500,000 ; 78,15 ; -   ;PROJETO COPEL FASE 2
9120692944;MP;MP07;CONECTOR PINO DE TERMINAL 2,5MM2 (AZUL);UN;010108;31; 300,000 ; -   ; 300,000 ; 360,00 ; -   ;PROJETO COPEL FASE 1
9120692949;MP;MP08;ESTRIBO COM CONECTOR CUNHA PARA CONEXAO DA MT;UN;010108;31; 280,000 ; -   ; 280,000 ; 6.521,20 ; -   ;PROJETO COPEL FASE 1
9120692951;MP;MP08;PARA-RAIOS CAPTOR TIPO FRANKLIN PARA INSTALACAO EM SUBESTACOES;UN;010108;28; 12,000 ; -   ; 12,000 ; 828,42 ; -   ;CDS PROJECTS ENERGY
9120692951;MP;MP08;PARA-RAIOS CAPTOR TIPO FRANKLIN PARA INSTALACAO EM SUBESTACOES;UN;010108;32; 40,000 ; -   ; 40,000 ; 5.221,33 ; -   ;PROJETO CELESC
9120692962;MP;MP08;ALCA PREF DE SERVICO PARA CONDUTOR DE ALUMINIO NU 5AWG 16MM;UN;010108;30; 100,000 ; -   ; 100,000 ; 396,04 ; -   ;PROJETO COPEL FASE 2
9120692962;MP;MP08;ALCA PREF DE SERVICO PARA CONDUTOR DE ALUMINIO NU 5AWG 16MM;UN;010108;31; 100,000 ; -   ; 100,000 ; 3.162,00 ; -   ;PROJETO COPEL FASE 1
9120692967;RV;RV01;ELO FUSIVEL 500 MM - 1 H - PADRAO COPEL;UN;010108;31; 391,000 ; -   ; 391,000 ; 3.890,45 ; -   ;PROJETO COPEL FASE 1
9120693332;MP;MP08;DISJUNTOR SERIE SD61 6A 1P CURVA C 3KA 400V - STECK SDZD61C06;UN;010108;32; 3,000 ; -   ; 3,000 ; 25,46 ; -   ;PROJETO CELESC
9120694052;RV;RV01;CABO LMR 400 COM 2 CONECTOR MACHO RETO (6 METROS);UN;010108;30; 1.553,000 ; -   ; 1.553,000 ; 407.301,89 ; -   ;PROJETO COPEL FASE 2
9120694053;RV;RV01;CONECTOR MACHO RETO PRENSA CABO RIGIDO 7/8;UN;010108;30; 14,000 ; -   ; 14,000 ; 2.309,88 ; -   ;PROJETO COPEL FASE 2
9120694054;MP;MP07;CONECTOR MACHO RETO PRENSA CABO RGC-213/RGC-8 E LMR-400;UN;010108;31; 327,000 ; -   ; 327,000 ; 18.089,64 ; -   ;PROJETO COPEL FASE 1
9120694057;MP;MP08;SUPORTE L PARA ANTENA 8 DBI;UN;010108;31; 120,000 ; -   ; 120,000 ; 10.114,74 ; -   ;PROJETO COPEL FASE 1
9120694060;MP;MP07;CONECTOR MACHO RETO PRENSA CABO RIGIDO 1/2;UN;010108;30; 24,000 ; -   ; 24,000 ; 2.303,50 ; -   ;PROJETO COPEL FASE 2
9120694060;MP;MP07;CONECTOR MACHO RETO PRENSA CABO RIGIDO 1/2;UN;010108;32; 24,000 ; -   ; 24,000 ; 2.150,43 ; -   ;PROJETO CELESC
91206940A4;MP;MP07;CONECTOR PERFURANTE COM CAPUZ, RAMAL CABO 16MM² (35CM), INCORPORADO;UN;010108;41; 736,000 ; -   ; 736,000 ; 14.691,22 ; -   ;COPEL 4.1: ENERGEC
91206940A5;MP;MP07;CONECTOR PERFURANTE COM CAPUZ, RAMAL CABO 10MM² (35CM), INCORPORADO;UN;010108;30; 43.420,000 ; -   ; 43.420,000 ; 706.439,06 ; -   ;PROJETO COPEL FASE 2
91206940A5;MP;MP07;CONECTOR PERFURANTE COM CAPUZ, RAMAL CABO 10MM² (35CM), INCORPORADO;UN;010108;41; 15.544,000 ; -   ; 15.544,000 ; 252.900,88 ; -   ;COPEL 4.1: ENERGEC
91206940A6;MP;MP07;CONECTOR PERFURANTE COM CAPUZ, RAMAL CABO 25MM² (35CM), INCORPORADO;UN;010108;38; 1.800,000 ; -   ; 1.800,000 ; 43.299,72 ; -   ;COPEL FASE 4.1-ELENG
91206940A6;MP;MP07;CONECTOR PERFURANTE COM CAPUZ, RAMAL CABO 25MM² (35CM), INCORPORADO;UN;010108;41; 753,000 ; -   ; 753,000 ; 18.653,32 ; -   ;COPEL 4.1: ENERGEC
91206940A7;MP;MP07;CONECTOR PERFURANTE COM CAPUZ, RAMAL CABO 35MM² (35CM), INCORPORADO;UN;010108;30; 1.383,000 ; -   ; 1.383,000 ; 40.029,83 ; -   ;PROJETO COPEL FASE 2
91206940A7;MP;MP07;CONECTOR PERFURANTE COM CAPUZ, RAMAL CABO 35MM² (35CM), INCORPORADO;UN;010108;38; 3.500,000 ; -   ; 3.500,000 ; 107.481,85 ; -   ;COPEL FASE 4.1-ELENG
91206940A7;MP;MP07;CONECTOR PERFURANTE COM CAPUZ, RAMAL CABO 35MM² (35CM), INCORPORADO;UN;010108;41; 600,000 ; -   ; 600,000 ; 17.366,58 ; -   ;COPEL 4.1: ENERGEC
9120694302;MP;AN01;DISPOSITIVO ANTI-ROUBO ELETRICO C/FECHADURA 30X20MMCOBRE/ACO INOXNUCLEOABSCHAVEUNIVERSAL(3011501610) (206.943.02);UN;010108;31; 100,000 ; -   ; 100,000 ; 667,00 ; -   ;PROJETO COPEL FASE 1
9120694303;MP;MP08;WSG COMPONENTE ANTI-ROUBO ACO INOXIDAVEL SUS304 2,0 MM 30523-WSG-01/30523-WSG-02 (3052303120);UN;010108;31; 2.204,000 ; -   ; 2.204,000 ; 65.788,96 ; -   ;PROJETO COPEL FASE 1
9120694410;MP;MP08;RADIO 900MHZ FREQUENCIA NAO LICENCIADA, VOLT 10~60VDC, MARCA GE, MODELO MCR (MXNXU91NNNNNNS3BEDUNN);UN;010108;31; 17,000 ; -   ; 17,000 ; 97.217,99 ; -   ;PROJETO COPEL FASE 1
9120694411;MP;MP08;RADIO 900MHZ FREQUENCIA NAO LICENCIADA, VOLTAGEM DE 10~60VDC, MARCA GE, MODELO ECR (ECRU91NNNNNS1D1B;UN;010108;31; 66,000 ; -   ; 66,000 ; 346.621,04 ; -   ;PROJETO COPEL FASE 1
9120694438;MP;MP08;CONVERSOR DC/DC 12V - 24V - 36V PARA 5V-3A COM CONECTOR P4 MACHO 5,5X2,1MM;UN;010108;30; 80,000 ; -   ; 80,000 ; 5.480,00 ; -   ;PROJETO COPEL FASE 2
9120694470;MP;MP07;ANTENA OMNI 300/420MHZ - MODELO G-3F12 FABRICANTE ARS;UN;010108;32; 6,000 ; -   ; 6,000 ; 2.880,67 ; -   ;PROJETO CELESC
9120694471;MP;MP07;ANTENA DIRECIONAL YAGI 380/400MHZ- MODELO DIRU-120/8E FABRICANTE ARS;UN;010108;32; 3,000 ; -   ; 3,000 ; 2.925,47 ; -   ;PROJETO CELESC
9120694473;MP;MP07;ANTENA DIRECIONAL YAGI 380/400MHZ- MODELO DIRU-110/7E FABRICANTE ARS;UN;010108;32; 6,000 ; -   ; 6,000 ; 5.576,09 ; -   ;PROJETO CELESC
9120694601;MP;MP07;CABO DE FIBRA OPTICA, USO EXTERNO, FURUKAWA, CFOT MM 62,5 / 125 02FC06;UN;010108;31; 295,000 ; -   ; 295,000 ; 4.536,45 ; -   ;PROJETO COPEL FASE 1
9120694613;RV;RV01;CONECTOR DE EMENDA HASTE/FIO PARA ATERRAMENTO (COD COPEL 15014808);UN;010108;30; 10,000 ; -   ; 10,000 ; 365,24 ; -   ;PROJETO COPEL FASE 2
9120694613;RV;RV01;CONECTOR DE EMENDA HASTE/FIO PARA ATERRAMENTO (COD COPEL 15014808);UN;010108;31; 43,000 ; -   ; 43,000 ; 1.716,13 ; -   ;PROJETO COPEL FASE 1
9120697006;MP;MP08;TERMINAL ILHOS DE COBRE ESTANHADO P/ CABO 10MM², CAPA PLASTICA VERMELHO LONGO 22 MM, TUBO, PP, 105C;UN;010108;32; 5.530,000 ; -   ; 5.530,000 ; 2.142,32 ; -   ;PROJETO CELESC
9120697010;MP;MP08;TERMINAL ILHOS DE COBRE ESTANHADO P/ CABO 16MM², CAPA PLASTICA AZUL LONGO 22 MM, TUBO, PP, 105C;UN;010108;32; 601,000 ; -   ; 601,000 ; 272,73 ; -   ;PROJETO CELESC
9120697018;MP;MP08;TERMINAL ILHOS DE COBRE ESTANHADO P/ CABO 25MM², CAPA PLASTICA AMARELO LONGO 22 MM, TUBO, PP, 105C;UN;010108;32; 3.900,000 ; -   ; 3.900,000 ; 3.021,33 ; -   ;PROJETO CELESC
9120697030;MP;MP08;TERMINAL ILHOS DE COBRE ESTANHADO P/ CABO 35MM², CAPA PLASTICA VERMELHO LONGO 25 MM, TUBO, PP, 105C;UN;010108;32; 434,000 ; -   ; 434,000 ; 441,90 ; -   ;PROJETO CELESC
9120697040;MP;MP08;TERMINAL ILHOS PARA CABO 1,5MM² DUPLO (PRETO);UN;010108;32; 200,000 ; -   ; 200,000 ; 25,92 ; -   ;PROJETO CELESC
9120697041;MP;MP08;TERMINAL ILHOS PARA CABO 4MM² (CINZA);UN;010108;32; 200,000 ; -   ; 200,000 ; 25,10 ; -   ;PROJETO CELESC
9120697042;MP;MP08;TERMINAL OLHAL PARA CABO 4MM² FURO PARAFUSO M6 (AMARELO);UN;010108;32; 200,000 ; -   ; 200,000 ; 169,28 ; -   ;PROJETO CELESC
9120812001;MP;MP07;CONECTOR AMPACTINHO TIPO IV - AZUL (COD COPEL 15018838);UN;010108;30; 10,000 ; -   ; 10,000 ; 74,80 ; -   ;PROJETO COPEL FASE 2
9120812001;MP;MP07;CONECTOR AMPACTINHO TIPO IV - AZUL (COD COPEL 15018838);UN;010108;31; 500,000 ; -   ; 500,000 ; 1.495,00 ; -   ;PROJETO COPEL FASE 1
9120812002;MP;MP07;CONECTOR AMPACTINHO TIPO III - VERMELHO (COD COPEL 15018873);UN;010108;30; 190,000 ; -   ; 190,000 ; 1.337,75 ; -   ;PROJETO COPEL FASE 2
9120812200;MP;MP07;CONECTOR PERFURANTE DE 10-1,5 MM² MODELO CDP-70;UN;010108;31; 540,000 ; -   ; 540,000 ; 4.336,47 ; -   ;PROJETO COPEL FASE 1
9120819005;MP;MP03;POSTE DE FIBRA DE VIDRO 100 DAN, 7 METROS, PADRAO COPEL  RAMAL AEREO;UN;010108;07; 20,000 ; -   ; 20,000 ; 28.858,50 ; -   ;LIVOLTEK - VENDAS
9120819007;MP;MP04;"TAMPAO DE PVC PARA CONDULETE 3/4""";UN;010108;28; 190,000 ; 120,000 ; 70,000 ; 115,39 ; 72,88 ;CDS PROJECTS ENERGY
9120819008;MP;MP04;"TAMPA CEGA FRONTAL DE PVC NA COR PRETO PARA CONDULETE 3/4""";UN;010108;28; 53,000 ; 30,000 ; 23,000 ; 76,38 ; 43,23 ;CDS PROJECTS ENERGY
9120819009;MP;MP04;"CONDULETE DE PVC DE SOBREPOR, 4 ENTRADAS NA COR PRETO 3/4""";UN;010108;28; 67,000 ; 30,000 ; 37,000 ; 255,62 ; 114,46 ;CDS PROJECTS ENERGY
9120819012;MP;MP03;TERMINAL COMPRESSAO PARA CABO 10MM TCM-PINO MEDIO;UN;010108;28; 535,000 ; -   ; 535,000 ; 4.262,99 ; -   ;CDS PROJECTS ENERGY
9120821303;MP;MP03;SUPORTE DE ANTENA PARA CLIENTE POSTE/TORRE CLIENTE;UN;010108;31; 1.732,000 ; -   ; 1.732,000 ; 50.662,21 ; -   ;PROJETO COPEL FASE 1
9120821304;MP;MP03;SELO FUSIMEC 1/2;UN;010108;31; 1.247,000 ; -   ; 1.247,000 ; 2.144,84 ; -   ;PROJETO COPEL FASE 1
9120821304;MP;MP03;SELO FUSIMEC 1/2;UN;010108;32; 840,000 ; -   ; 840,000 ; 1.536,11 ; -   ;PROJETO CELESC
9121100202;MP;MP03;PARAFUSO SEXTAVADO EM ACO INOX M6X16MM;UN;010108;32; 48.900,000 ; -   ; 48.900,000 ; 15.897,39 ; -   ;PROJETO CELESC
9121112600;MP;MP03;PARAFUSO CABECA ESCAREADA Ø4,5 X 23 - FENDA PHILLIPS - ZINCADO AMARELO;UN;010108;32; 2.249,996 ; -   ; 2.249,996 ; 457,42 ; -   ;PROJETO CELESC
9121112600;MP;MP03;PARAFUSO CABECA ESCAREADA Ø4,5 X 23 - FENDA PHILLIPS - ZINCADO AMARELO;UN;010108;38; 94.000,000 ; -   ; 94.000,000 ; 4.775,20 ; -   ;COPEL FASE 4.1-ELENG
9121112600;MP;MP03;PARAFUSO CABECA ESCAREADA Ø4,5 X 23 - FENDA PHILLIPS - ZINCADO AMARELO;UN;010108;41; 43.300,000 ; -   ; 43.300,000 ; 2.559,03 ; -   ;COPEL 4.1: ENERGEC
9121112601;MP;MP03;PARAFUSO CABECA ESCAREADA Ø4,5 X 23 - FENDA PHILLIPS - ZINCADO BRANCO;UN;010108;30; 267.500,000 ; -   ; 267.500,000 ; 16.799,00 ; -   ;PROJETO COPEL FASE 2
9121112601;MP;MP03;PARAFUSO CABECA ESCAREADA Ø4,5 X 23 - FENDA PHILLIPS - ZINCADO BRANCO;UN;010108;32; 171.043,000 ; -   ; 171.043,000 ; 12.383,51 ; -   ;PROJETO CELESC
9121160120;MP;MP03;PARAFUSO FLANG PHILLIPS 4,2 X 13 ZINCADO BRANCO - FIXACAO DAS PLACAS DOS MEDIDORES.;UN;010108;28; 40,000 ; -   ; 40,000 ; 9,29 ; -   ;CDS PROJECTS ENERGY
9121160120;MP;MP03;PARAFUSO FLANG PHILLIPS 4,2 X 13 ZINCADO BRANCO - FIXACAO DAS PLACAS DOS MEDIDORES.;UN;010108;30; 267.830,000 ; -   ; 267.830,000 ; 13.820,03 ; -   ;PROJETO COPEL FASE 2
9121160120;MP;MP03;PARAFUSO FLANG PHILLIPS 4,2 X 13 ZINCADO BRANCO - FIXACAO DAS PLACAS DOS MEDIDORES.;UN;010108;32; 92.786,914 ; -   ; 92.786,914 ; 5.242,46 ; -   ;PROJETO CELESC
9121160120;MP;MP03;PARAFUSO FLANG PHILLIPS 4,2 X 13 ZINCADO BRANCO - FIXACAO DAS PLACAS DOS MEDIDORES.;UN;010108;38; 132.000,000 ; -   ; 132.000,000 ; 6.996,00 ; -   ;COPEL FASE 4.1-ELENG
9121160120;MP;MP03;PARAFUSO FLANG PHILLIPS 4,2 X 13 ZINCADO BRANCO - FIXACAO DAS PLACAS DOS MEDIDORES.;UN;010108;41; 30.800,000 ; -   ; 30.800,000 ; 1.592,36 ; -   ;COPEL 4.1: ENERGEC
9121182040;MP;MP03;PARAFUSO CAB.CHATA PHS 4,8X50MM D8;UN;010108;28; 1.240,000 ; 240,000 ; 1.000,000 ; 179,80 ; 34,80 ;CDS PROJECTS ENERGY
9121183801;MP;MP03;PARAFUSO AUTOBROCANTE M6 X 20MM;UN;010108;28; 611,000 ; -   ; 611,000 ; 340,57 ; -   ;CDS PROJECTS ENERGY
9121185000;MP;MP03;PARAFUSO DE CABECA  ABAULADA - 45 MM;UN;010108;31; 800,000 ; -   ; 800,000 ; 5.000,00 ; -   ;PROJETO COPEL FASE 1
9121185001;RV;RV01;PARAFUSO DE CABECA QUADRADA - 125 MM;UN;010108;30; 20,000 ; -   ; 20,000 ; 281,63 ; -   ;PROJETO COPEL FASE 2
9121185003;RV;RV01;PARAFUSO DE CABECA QUADRADA - 300 MM;UN;010108;30; 40,000 ; -   ; 40,000 ; 1.112,45 ; -   ;PROJETO COPEL FASE 2
9121185007;MP;MP08;PROTETOR DE SURTO;UN;010108;30; 43,000 ; -   ; 43,000 ; 1.126,22 ; -   ;PROJETO COPEL FASE 2
9121185031;MP;MP03;PARAFUSO CABECA SEXTAVADA M10*200MM EM ACO INOXIDAVEL;UN;010108;28; 132,000 ; -   ; 132,000 ; 2.939,01 ; -   ;CDS PROJECTS ENERGY
9121200760;MP;MP08;PRENSA CABO NYLON PG13.5;UN;010108;31; 100,000 ; -   ; 100,000 ; 278,85 ; -   ;PROJETO COPEL FASE 1
9121201510;MP;MP07;TERMOCAPTOR P/ POSTE DE CONCRETO 3 M GALVANIZADO A FOGO;UN;010108;28; 1,000 ; -   ; 1,000 ; 120,27 ; -   ;CDS PROJECTS ENERGY
9121210100;MP;MP07;PROTETOR DE SURTO CLAMPER LIGHT SS 275V 12KA;UN;010108;31; 871,000 ; -   ; 871,000 ; 29.796,91 ; -   ;PROJETO COPEL FASE 1
9121230000;MP;MP03;ALCA PREFORMADA DE ALUMINIO PARA CABO ATE 35MM COM 450MM ALTURA E 3 FIOS DE ALUMINIO;UN;010108;28; 184,000 ; -   ; 184,000 ; 2.260,07 ; -   ;CDS PROJECTS ENERGY
9121230001;MP;MP03;CONJUNTO ARMACAO METALICA E ISOLADOR VERTICAL ROLDANA DE PORCELANA;UN;010108;28; 93,000 ; -   ; 93,000 ; 1.446,64 ; -   ;CDS PROJECTS ENERGY
9121230002;MP;MP07;ROLDANA COM ISOLAMENTO DE PORCELANA 72X72MM;UN;010108;28; 93,000 ; -   ; 93,000 ; 650,43 ; -   ;CDS PROJECTS ENERGY
9121260300;MP;MP07;CABO 10MM² ANTICHAMA SEMI RIGIDO, 450/750V COBRE, PVC, CLASSE 2, BRANCO;UN;010108;32; 23.860,000 ; -   ; 23.860,000 ; 219.409,40 ; -   ;PROJETO CELESC
9121260301;MP;MP07;CABO 10MM² ANTICHAMA SEMI RIGIDO, 450/750V COBRE, PVC, CLASSE 2, PRETO;UN;010108;30; 17.000,000 ; -   ; 17.000,000 ; 148.481,40 ; -   ;PROJETO COPEL FASE 2
9121260301;MP;MP07;CABO 10MM² ANTICHAMA SEMI RIGIDO, 450/750V COBRE, PVC, CLASSE 2, PRETO;UN;010108;32; 45.204,000 ; -   ; 45.204,000 ; 404.756,62 ; -   ;PROJETO CELESC
9121260301;MP;MP07;CABO 10MM² ANTICHAMA SEMI RIGIDO, 450/750V COBRE, PVC, CLASSE 2, PRETO;UN;010108;38; 15.000,000 ; -   ; 15.000,000 ; 117.798,00 ; -   ;COPEL FASE 4.1-ELENG
9121260301;MP;MP07;CABO 10MM² ANTICHAMA SEMI RIGIDO, 450/750V COBRE, PVC, CLASSE 2, PRETO;UN;010108;41; 8.750,000 ; -   ; 8.750,000 ; 76.424,25 ; -   ;COPEL 4.1: ENERGEC
9121260302;MP;MP07;CABO 10MM² ANTICHAMA SEMI RIGIDO, 450/750V COBRE, PVC, CLASSE 2, VERMELHO;UN;010108;32; 11.036,000 ; -   ; 11.036,000 ; 101.466,09 ; -   ;PROJETO CELESC
9121260303;MP;MP07;CABO 16MM² ANTICHAMA SEMI RIGIDO, 450/750V COBRE, PVC, CLASSE 2, BRANCO;UN;010108;32; 3.389,000 ; -   ; 3.389,000 ; 47.508,36 ; -   ;PROJETO CELESC
9121260304;MP;MP07;CABO 16MM² ANTICHAMA SEMI RIGIDO, 450/750V COBRE, PVC, CLASSE 2, PRETO;UN;010108;30; 5.500,000 ; -   ; 5.500,000 ; 76.494,55 ; -   ;PROJETO COPEL FASE 2
9121260304;MP;MP07;CABO 16MM² ANTICHAMA SEMI RIGIDO, 450/750V COBRE, PVC, CLASSE 2, PRETO;UN;010108;32; 4.944,000 ; -   ; 4.944,000 ; 69.273,84 ; -   ;PROJETO CELESC
9121260304;MP;MP07;CABO 16MM² ANTICHAMA SEMI RIGIDO, 450/750V COBRE, PVC, CLASSE 2, PRETO;UN;010108;41; 530,000 ; -   ; 530,000 ; 7.371,24 ; -   ;COPEL 4.1: ENERGEC
9121260305;MP;MP07;CABO 16MM² ANTICHAMA SEMI RIGIDO, 450/750V COBRE, PVC, CLASSE 2, VERMELHO;UN;010108;32; 3.144,000 ; -   ; 3.144,000 ; 44.142,39 ; -   ;PROJETO CELESC
9121260306;MP;MP07;CABO 25MM² ANTICHAMA SEMI RIGIDO, 450/750V COBRE, PVC, CLASSE 2, BRANCO;UN;010108;32; 4.328,000 ; -   ; 4.328,000 ; 112.624,95 ; -   ;PROJETO CELESC
9121260307;MP;MP07;CABO 25MM² ANTICHAMA SEMI RIGIDO, 450/750V COBRE, PVC, CLASSE 2, PRETO;UN;010108;30; 1.000,000 ; -   ; 1.000,000 ; 22.590,20 ; -   ;PROJETO COPEL FASE 2
9121260307;MP;MP07;CABO 25MM² ANTICHAMA SEMI RIGIDO, 450/750V COBRE, PVC, CLASSE 2, PRETO;UN;010108;32; 3.000,000 ; -   ; 3.000,000 ; 57.135,00 ; -   ;PROJETO CELESC
9121260307;MP;MP07;CABO 25MM² ANTICHAMA SEMI RIGIDO, 450/750V COBRE, PVC, CLASSE 2, PRETO;UN;010108;41; 970,000 ; -   ; 970,000 ; 21.912,49 ; -   ;COPEL 4.1: ENERGEC
9121260308;MP;MP07;CABO 25MM² ANTICHAMA SEMI RIGIDO, 450/750V COBRE, PVC, CLASSE 2, VERMELHO;UN;010108;32; 3.212,000 ; -   ; 3.212,000 ; 69.495,47 ; -   ;PROJETO CELESC
9121260309;MP;MP07;CABO 35MM² ANTICHAMA SEMI RIGIDO, 450/750V COBRE, PVC, CLASSE 2, BRANCO;UN;010108;32; 681,000 ; -   ; 681,000 ; 25.982,26 ; -   ;PROJETO CELESC
9121260310;MP;MP07;CABO 35MM² ANTICHAMA SEMI RIGIDO, 450/750V COBRE, PVC, CLASSE 2, PRETO;UN;010108;30; 1.000,000 ; -   ; 1.000,000 ; 30.642,10 ; -   ;PROJETO COPEL FASE 2
9121260310;MP;MP07;CABO 35MM² ANTICHAMA SEMI RIGIDO, 450/750V COBRE, PVC, CLASSE 2, PRETO;UN;010108;32; 500,000 ; -   ; 500,000 ; 15.501,50 ; -   ;PROJETO CELESC
9121260310;MP;MP07;CABO 35MM² ANTICHAMA SEMI RIGIDO, 450/750V COBRE, PVC, CLASSE 2, PRETO;UN;010108;41; 880,000 ; -   ; 880,000 ; 26.965,05 ; -   ;COPEL 4.1: ENERGEC
9121260311;MP;MP07;CABO 35MM² ANTICHAMA SEMI RIGIDO, 450/750V COBRE, PVC, CLASSE 2, VERMELHO;UN;010108;32; 656,000 ; -   ; 656,000 ; 25.280,34 ; -   ;PROJETO CELESC
9121260401;MP;MP07;CONECTOR BORNE SAK PARA CABO 10MM2, FIXACAO DIN;UN;010108;32; 99,000 ; -   ; 99,000 ; 966,34 ; -   ;PROJETO CELESC
9121260404;MP;MP07;CONECTOR BORNE SAK PARA CABO 35MM2, FIXACAO DIN;UN;010108;32; 88.690,000 ; -   ; 88.690,000 ; 1.502.736,75 ; -   ;PROJETO CELESC
9121260500;MP;MP07;TERMINAL PRE-ISOLADO TIPO OLHAL TUBULAR 10MM2;UN;010108;32; 47.415,000 ; -   ; 47.415,000 ; 47.377,07 ; -   ;PROJETO CELESC
9121260501;MP;MP07;TERMINAL PRE-ISOLADO TIPO OLHAL TUBULAR 16MM2;UN;010108;32; 1.432,000 ; -   ; 1.432,000 ; 1.905,28 ; -   ;PROJETO CELESC
9121260502;MP;MP07;TERMINAL PRE-ISOLADO TIPO OLHAL TUBULAR 25MM2;UN;010108;32; 11.750,000 ; -   ; 11.750,000 ; 26.273,00 ; -   ;PROJETO CELESC
9121260503;MP;MP07;TERMINAL PRE-ISOLADO TIPO OLHAL TUBULAR 35MM2;UN;010108;32; 1.121,000 ; -   ; 1.121,000 ; 3.526,11 ; -   ;PROJETO CELESC
9121260504;MP;MP07;TERMINAL PRE-ISOLADO TIPO OLHAL TUBULAR PARA CABO 0,5-1,5MM² VERMELHO;UN;010108;30; 2.000,000 ; -   ; 2.000,000 ; 363,00 ; -   ;PROJETO COPEL FASE 2
9121260504;MP;MP07;TERMINAL PRE-ISOLADO TIPO OLHAL TUBULAR PARA CABO 0,5-1,5MM² VERMELHO;UN;010108;31; 5.100,000 ; -   ; 5.100,000 ; 942,48 ; -   ;PROJETO COPEL FASE 1
9121260505;MP;MP07;TERMINAL PRE-ISOLADO TIPO ILHOS TUBULAR PARA CABO 1,5MM² PRETO;UN;010108;31; 600,000 ; -   ; 600,000 ; 31,98 ; -   ;PROJETO COPEL FASE 1
9121260505;MP;MP07;TERMINAL PRE-ISOLADO TIPO ILHOS TUBULAR PARA CABO 1,5MM² PRETO;UN;010108;32; 201,000 ; -   ; 201,000 ; 14,37 ; -   ;PROJETO CELESC
9121260510;MP;MP07;TERMINAL PRE-ISOLADO TIPO ILHOS 2,5MM;UN;010108;28; 52,000 ; -   ; 52,000 ; 12,19 ; -   ;CDS PROJECTS ENERGY
9121260510;MP;MP07;TERMINAL PRE-ISOLADO TIPO ILHOS 2,5MM;UN;010108;30; 500,000 ; -   ; 500,000 ; 42,50 ; -   ;PROJETO COPEL FASE 2
9121260520;MP;MP07;TERMINAL PRE ISOLADO FEMEA 0,5-1,5MM², VERMELHO;UN;010108;30; 300,000 ; -   ; 300,000 ; 76,20 ; -   ;PROJETO COPEL FASE 2
9121260520;MP;MP07;TERMINAL PRE ISOLADO FEMEA 0,5-1,5MM², VERMELHO;UN;010108;31; 1.200,000 ; -   ; 1.200,000 ; 331,32 ; -   ;PROJETO COPEL FASE 1
9121260601;MP;MP03;TERMINAL OLHAL A COMPRESSAO PARA CABO 25MM², FURO PARAFUSO M8;UN;010108;32; 73,000 ; -   ; 73,000 ; 212,25 ; -   ;PROJETO CELESC
9121260602;MP;MP03;TERMINAL OLHAL A COMPRESSAO PARA CABO 16MM², FURO PARAFUSO M8;UN;010108;30; 346,000 ; -   ; 346,000 ; 806,94 ; -   ;PROJETO COPEL FASE 2
9121260602;MP;MP03;TERMINAL OLHAL A COMPRESSAO PARA CABO 16MM², FURO PARAFUSO M8;UN;010108;32; 1.552,000 ; -   ; 1.552,000 ; 3.503,64 ; -   ;PROJETO CELESC
9121260605;MP;MP03;TERMINAL TUBULAR ILHOS PRE ISOLADO 2,5MM;UN;010108;28; 60,000 ; -   ; 60,000 ; 15,94 ; -   ;CDS PROJECTS ENERGY
9121260607;MP;MP03;TERM.ILHOS TUB.CZ 692815 4MM;UN;010108;28; 844,000 ; -   ; 844,000 ; 132,59 ; -   ;CDS PROJECTS ENERGY
9121260612;MP;MP03;TERMINAL TUBULAR ILHOS DUPLO PRE-ISOLADO 6MM;UN;010108;28; 70,000 ; -   ; 70,000 ; 32,55 ; -   ;CDS PROJECTS ENERGY
9121260614;MP;MP03;TERMINAL OLHAL PRE ISOLADO PARA CABO 4-6MM²;UN;010108;28; 1.368,000 ; -   ; 1.368,000 ; 614,37 ; -   ;CDS PROJECTS ENERGY
9121260900;MP;MP07;CONECTOR TORCAO PARA CONDUTORES DE COBRE, 600V, 105 C, PARA CABOS DE 1,5MM2 A 6MM2;UN;010108;28; 30,000 ; -   ; 30,000 ; 10,98 ; -   ;CDS PROJECTS ENERGY
9121260900;MP;MP07;CONECTOR TORCAO PARA CONDUTORES DE COBRE, 600V, 105 C, PARA CABOS DE 1,5MM2 A 6MM2;UN;010108;31; 1.000,000 ; -   ; 1.000,000 ; 230,20 ; -   ;PROJETO COPEL FASE 1
9121261200;MP;MP03;TERMINAL ELETRICO DO TIPO OLHAL DE COMPRESSAO PARA CABO 35MM² COM FURO 8MM;UN;010108;28; 63,000 ; -   ; 63,000 ; 234,50 ; -   ;CDS PROJECTS ENERGY
9121261206;MP;MP03;TERMINAL ELETRICO PRE ISOLADO TUBULAR TIPO ILHOS LONGO PARA CABO 4MM²;UN;010108;28; 1.692,000 ; -   ; 1.692,000 ; 253,80 ; -   ;CDS PROJECTS ENERGY
9121261401;MP;MP07;CONECTOR DE DERIVACAO TIPO CUNHA ASIMETRICO TIPO G CDC-G-VIAZ - INTELLI;UN;010108;31; 450,000 ; -   ; 450,000 ; 3.536,24 ; -   ;PROJETO COPEL FASE 1
9121290000;MP;MP09;BARRAMENTO DE DISTRIBUICAO HC-008 TERRA (VERDE) 6 LIGACOES 80A C/ PROTECAO (CABO 10MM) - FIX. TRILHO;UN;010108;32; 7,000 ; -   ; 7,000 ; 78,73 ; -   ;PROJETO CELESC
9121290236;MP;MP08;CONJUNTO SOB. 1 TOM. 2P+T BC JERI PLUS 10A;UN;010108;28; 4,000 ; 2,000 ; 2,000 ; 19,78 ; 9,89 ;CDS PROJECTS ENERGY
9121290241;MP;MP07;INTERRUPTOR  PARA ILUMINACAO RESIDENCIAL DE 1 TECLA SOBREPOR;UN;010108;28; 73,000 ; 18,000 ; 55,000 ; 402,66 ; 99,29 ;CDS PROJECTS ENERGY
9121290310;MP;MP07;CAIXA PRFV SIGFI-80 ;UN;010108;28; 11,000 ; -   ; 11,000 ; 6.241,91 ; -   ;CDS PROJECTS ENERGY
9121317180;MP;MP10;ETIQUETA EM ALUMINIO PARA IDENTIFICACAO AO AP, LETRAS BRANCAS, FUNDO AZUL;UN;010108;39; 431,000 ; -   ; 431,000 ; 1.762,10 ; -   ;MATERIAL DE INST TER
9121317187;MP;MP10;ETIQUETA EM ALUMINIO PARA IDENTIFICACAO DO RELAY, LETRAS BRANCAS, FUNDO AZUL;UN;010108;39; 253,000 ; -   ; 253,000 ; 714,70 ; -   ;MATERIAL DE INST TER
9121500036;RV;RV01;COLUNA DE FIXACAO, DE ACO, PARA MONTAGEM DE ESTRUTURA FIXA DE CARREGADOR VEICULAR;UN;010108;07; 21,000 ; -   ; 21,000 ; 4.920,09 ; -   ;LIVOLTEK - VENDAS
9121500058;RV;RV01;ESTRUTURA METALICA PARA TELHADO CERAMICO;UN;010108;07; 993,000 ; -   ; 993,000 ; 256.774,61 ; -   ;LIVOLTEK - VENDAS
9121502010;RV;RV01;CONECTOR TIPO CUNHA COBRE 50/25;UN;010108;32; 120,000 ; -   ; 120,000 ; 2.115,64 ; -   ;PROJETO CELESC
9121502060;RV;RV01;DPS TIPO II 275VCA 45KA;UN;010108;28; 25,000 ; -   ; 25,000 ; 341,68 ; -   ;CDS PROJECTS ENERGY
9121503043;RV;RV01;RADIO 900MHZ FREQUENCIA NAO LICENCIADA, VOLT 10~60VDC, MARCA GE, MODELO MCR (MXNXU91NNNNNNS3BEDUNN);UN;010108;31; 51,000 ; -   ; 51,000 ; 236.967,21 ; -   ;PROJETO COPEL FASE 1
9121503045;RV;RV01;RADIO 900MHZ FREQUENCIA NAO LICENCIADA MODELO ECR (ECRU91NNNNNS1D1BRUNNN);UN;010108;31; 202,000 ; -   ; 202,000 ; 837.245,08 ; -   ;PROJETO COPEL FASE 1
9121503060;RV;RV01;ARRUELA DE PRESSAO EM ACO INOX Ø6.1MM;UN;010108;32; 68.882,503 ; -   ; 68.882,503 ; 6.137,43 ; -   ;PROJETO CELESC
9121503080;MP;RV01;SUPORTE EM ACO INOX 300MM*50MM*20MM (3051502640);UN;010108;31; 2.923,000 ; -   ; 2.923,000 ; 17.787,62 ; -   ;PROJETO COPEL FASE 1
9122000301;MC;MR02;PRENSA CABO 1 BSP;UN;010108;31; 200,000 ; -   ; 200,000 ; 1.676,00 ; -   ;PROJETO COPEL FASE 1
9122000302;MC;MR01;ALICATE CRIMPADOR P/ CONECTOR RJ 11 E 45;UN;010108;31; 2,000 ; -   ; 2,000 ; 135,30 ; -   ;PROJETO COPEL FASE 1
9122000315;MC;MR01;LIMA CHATA 8;UN;010108;31; 10,000 ; -   ; 10,000 ; 323,80 ; -   ;PROJETO COPEL FASE 1
9122000344;MC;PT01;ARRUELA LISA GALV. 1/4;UN;010108;32; 213.650,000 ; -   ; 213.650,000 ; 15.874,20 ; -   ;PROJETO CELESC
9122000872;MC;PV01;TERMINAL TUBULAR ILHOS 6MM;UN;010108;28; 757,000 ; -   ; 757,000 ; 160,71 ; -   ;CDS PROJECTS ENERGY
9122001132;MC;FE01;TALHADEIRA GEDORE 150X15MM;UN;010108;31; 3,000 ; -   ; 3,000 ; 116,10 ; -   ;PROJETO COPEL FASE 1
9122001582;MC;PV01;"ELETRODUTO PVC RIGIDO, 3/4"", COM INSTALACAO APARENTE SOBRE A PAREDE";UN;010108;16; 20,000 ; -   ; 20,000 ; 182,17 ; -   ;SOLAR SCRAPPED
9122001719;MC;PV01;CAIXA TERMINACAO FIBRA OPTICA ROSETA PTO 2P FTTH BR 86X86X27;UN;010108;30; 100,000 ; -   ; 100,000 ; 600,00 ; -   ;PROJETO COPEL FASE 2
9122001720;MC;PV01;CORDAO OPTICO SIMPLEX SM MONOMODO SC-APC/SC-APC, DIAMETRO 2MM- TAMANHO 2M;UN;010108;30; 50,000 ; -   ; 50,000 ; 1.900,00 ; -   ;PROJETO COPEL FASE 2
9122001721;MC;PV01;MESA DOBRAVEL DURATEC ACO HDPE 86CM CAMPING PORTATIL;UN;010108;30; 1,000 ; -   ; 1,000 ; 785,00 ; -   ;PROJETO COPEL FASE 2
9122001722;MC;PV01;CADEIRA DOBRAVEL DE METAL ASSENTO PLASTICO CAMPING EVENTOS;UN;010108;30; 2,000 ; -   ; 2,000 ; 640,00 ; -   ;PROJETO COPEL FASE 2
9122001723;MC;PV01;MACARICO PORTATIL COM REGULAGEM GOURMET GAS;UN;010108;30; 2,000 ; -   ; 2,000 ; 140,00 ; -   ;PROJETO COPEL FASE 2
9122001724;MC;PV01;REFIL GAS BUTANO;UN;010108;30; 5,000 ; -   ; 5,000 ; 115,00 ; -   ;PROJETO COPEL FASE 2
9122001725;MC;PV01;ROTULADOR ELETRONICO BROTHER PT-M95BK;UN;010108;30; 2,000 ; -   ; 2,000 ; 790,00 ; -   ;PROJETO COPEL FASE 2
9122001726;MC;PV01;FITA PARA ROTULADOR BROTHER, 12MM X 8M, BRANCA, ESCRITA PRETA, M231, BROTHER;UN;010108;30; 5,000 ; -   ; 5,000 ; 225,00 ; -   ;PROJETO COPEL FASE 2
9122001800;MC;PV01;TERMINADOR OPTICO 6FO;UN;010108;30; 5,000 ; -   ; 5,000 ; 530,00 ; -   ;PROJETO COPEL FASE 2
9122001801;MC;PV01;ABRACADEIRA BAP 3 1,20M - KIT PADRAO TELECOM;UN;010108;30; 70,000 ; -   ; 70,000 ; 2.240,00 ; -   ;PROJETO COPEL FASE 2
9122001802;MC;PV01;KIT ANCORAGEM OLHAL COMPLETO  (NAC);UN;010108;30; 70,000 ; -   ; 70,000 ; 2.800,00 ; -   ;PROJETO COPEL FASE 2
9122001803;MC;PV01;ALCA PREFORMADA PARA CABO OPTICO;UN;010108;30; 50,000 ; -   ; 50,000 ; 192,50 ; -   ;PROJETO COPEL FASE 2
9122001804;MC;PV01;CABO OPTICO DRO P 1 FIBRA OPTICA MONOMODO (G.657.A2), TUBO UNICO, CAPA LSZH, VAO 80M;UN;010108;30; 2.000,000 ; -   ; 2.000,000 ; 2.282,40 ; -   ;PROJETO COPEL FASE 2
9122001805;MC;PV01;EMENDA OPTICA SC FTTH MONOMODO VERDE APC PASSANTE;UN;010108;30; 50,000 ; -   ; 50,000 ; 65,00 ; -   ;PROJETO COPEL FASE 2
9122001806;MC;PV01;SWITCH DATACOM 2104G2-EDD SERIES II;UN;010108;30; 7,000 ; -   ; 7,000 ; 6.860,00 ; -   ;PROJETO COPEL FASE 2
9122001834;MC;PV01;"ELETRODUTO RIGIDO PVC PRETO BSP 1/2"" 3M, ROSCAVEL";UN;010108;16; 2,000 ; -   ; 2,000 ; 8,16 ; -   ;SOLAR SCRAPPED
9122001834;MC;PV01;"ELETRODUTO RIGIDO PVC PRETO BSP 1/2"" 3M, ROSCAVEL";UN;010108;28; 46,000 ; -   ; 46,000 ; 318,50 ; -   ;CDS PROJECTS ENERGY
9122001834;MC;PV01;"ELETRODUTO RIGIDO PVC PRETO BSP 1/2"" 3M, ROSCAVEL";UN;010108;31; 143,000 ; -   ; 143,000 ; 1.531,07 ; -   ;PROJETO COPEL FASE 1
9122003006;MC;PV01;FILTRO MINI PASSA BANDA 2 CAVIDADES 50W DE POTENCIA FREQ. 360/400MHZ;UN;010108;32; 4,000 ; -   ; 4,000 ; 2.905,37 ; -   ;PROJETO CELESC
9122003026;MC;PV01;MODULO COMPATIVEL COM CISCO GLC-BX40-D-I –  40 KM DOM;UN;010108;30; 3,000 ; -   ; 3,000 ; 602,10 ; -   ;PROJETO COPEL FASE 2
9122003027;MC;PV01;MODULO COMPATIVEL COM CISCO GLC-BX40-U-I  20 KM DOM;UN;010108;30; 1,000 ; -   ; 1,000 ; 196,20 ; -   ;PROJETO COPEL FASE 2
9122003041;MC;PV01;MODULO COMPATIVEL COM CISCO GLC-BX40-U-I  40 KM DOM;UN;010108;30; 3,000 ; -   ; 3,000 ; 602,10 ; -   ;PROJETO COPEL FASE 2
9122003042;MC;PV01;MODULO COMPATIVEL COM CISCO GLC BX20-D-I  20 KM DOM;UN;010108;30; 1,000 ; -   ; 1,000 ; 196,20 ; -   ;PROJETO COPEL FASE 2
9122003043;MC;PV01;CONVERSOR DE MIDIA OPTICO, SLOT 1000BASE-X SFP;UN;010108;30; 3,000 ; -   ; 3,000 ; 672,00 ; -   ;PROJETO COPEL FASE 2
9122003111;MC;PV01;CORDA LINHA DE VIDA 12MM X 35M;UN;010108;32; 3,000 ; -   ; 3,000 ; 485,63 ; -   ;PROJETO CELESC
9122003112;MC;PV01;CORDA MULTIUSO 8MM X 100M;UN;010108;32; 2,000 ; -   ; 2,000 ; 1.572,51 ; -   ;PROJETO CELESC
9122003113;MC;PV01;FITA DE ANCORAGEM COM ARGOLA D 80CM;UN;010108;32; 3,000 ; -   ; 3,000 ; 222,01 ; -   ;PROJETO CELESC
9122003277;MC;PV01;FITA DE ANCORAGEM COM ARGOLA D 60CM;UN;010108;32; 3,000 ; -   ; 3,000 ; 216,46 ; -   ;PROJETO CELESC
9122003278;MC;PV01;FITA DE ANCORAGEM COM ARGOLA D 120M;UN;010108;32; 3,000 ; -   ; 3,000 ; 235,88 ; -   ;PROJETO CELESC
9122003279;MC;PV01;FITA DE ANCORAGEM COM ARGOLA D 150CM;UN;010108;32; 3,000 ; -   ; 3,000 ; 241,39 ; -   ;PROJETO CELESC
9122003280;MC;PV01;CINTA POSTE CIRCULAR ACO GALVANIZADO 200MM;UN;010108;32; 56,000 ; -   ; 56,000 ; 2.173,24 ; -   ;PROJETO CELESC
9122004068;MC;PV01;ALICATE DE COMPRESSAO MECANICA;UN;010108;31; 5,000 ; -   ; 5,000 ; 8.093,85 ; -   ;PROJETO COPEL FASE 1
9122004069;MC;PV01;ALICATE TIPO ALGEMA PARA CORTE DE CABO CAA;UN;010108;31; 2,000 ; -   ; 2,000 ; 3.754,22 ; -   ;PROJETO COPEL FASE 1
9122004070;MC;PV01;ANTENA DIRECIONAL YAGI 406/430MHZ - MODELO DIRU-180/14G FABRICANTE ARS;UN;010108;31; 2,000 ; -   ; 2,000 ; 3.408,64 ; -   ;PROJETO COPEL FASE 1
9122004071;MC;PV01;ANTENA DIRECIONAL YAGI 900/960MHZ - MODELO DIRU-200/22C9 FABRICANTE ARS;UN;010108;31; 7,000 ; -   ; 7,000 ; 6.728,26 ; -   ;PROJETO COPEL FASE 1
9122004073;MC;PV01;AU 12 - CONVERSOR DC/DC 48V PARA 12V-3A;UN;010108;31; 51,000 ; -   ; 51,000 ; 4.492,59 ; -   ;PROJETO COPEL FASE 1
9122004074;MC;PV01;BASTAO PEGA TUDO CABECOTE ALUMINIO 32MM X 2580MM;UN;010108;31; 7,000 ; -   ; 7,000 ; 754,11 ; -   ;PROJETO COPEL FASE 1
9122004075;MC;PV01;BATEDOR DE HASTE B220;UN;010108;31; 5,000 ; -   ; 5,000 ; 1.775,45 ; -   ;PROJETO COPEL FASE 1
9122004076;MC;PV01;BUSSOLA;UN;010108;31; 8,000 ; -   ; 8,000 ; 277,28 ; -   ;PROJETO COPEL FASE 1
9122004077;MC;PV01;CABECOTE ICC INST. LINHA DE VIDA;UN;010108;31; 3,000 ; -   ; 3,000 ; 242,79 ; -   ;PROJETO COPEL FASE 1
9122004078;MC;PV01;CABECOTE UNIVERSAL P/ ABRIR CHAVE;UN;010108;31; 6,000 ; -   ; 6,000 ; 768,54 ; -   ;PROJETO COPEL FASE 1
9122004079;MC;PV01;CAIXA FERRAMENTAS METALICA 3 GAVETAS;UN;010108;31; 10,000 ; -   ; 10,000 ; 1.428,20 ; -   ;PROJETO COPEL FASE 1
9122004080;MC;PV01;CALCO EMBORRACHADO;UN;010108;31; 10,000 ; -   ; 10,000 ; 4.852,00 ; -   ;PROJETO COPEL FASE 1
9122004081;MC;PV01;CARRETILHA;UN;010108;31; 1,000 ; -   ; 1,000 ; 36,82 ; -   ;PROJETO COPEL FASE 1
9122004082;MC;PV01;CHAVE ALLEN CABO T 8MM;UN;010108;31; 10,000 ; -   ; 10,000 ; 374,00 ; -   ;PROJETO COPEL FASE 1
9122004083;MC;PV01;CHAVE CANHAO 10MM;UN;010108;31; 5,000 ; -   ; 5,000 ; 184,50 ; -   ;PROJETO COPEL FASE 1
9122004084;MC;PV01;CHAVE CANHAO 11MM;UN;010108;31; 9,000 ; -   ; 9,000 ; 388,62 ; -   ;PROJETO COPEL FASE 1
9122004085;MC;PV01;CHAVE CANHAO 12 MM;UN;010108;31; 10,000 ; -   ; 10,000 ; 369,00 ; -   ;PROJETO COPEL FASE 1
9122004086;MC;PV01;CHAVE CATRACA ENCAIXE DE 1/2;UN;010108;31; 10,000 ; -   ; 10,000 ; 1.392,70 ; -   ;PROJETO COPEL FASE 1
9122004087;MC;PV01;CHAVE COMBINADA 13MM;UN;010108;31; 5,000 ; -   ; 5,000 ; 126,35 ; -   ;PROJETO COPEL FASE 1
9122004088;MC;PV01;CHAVE COMBINADA 14MM;UN;010108;31; 11,000 ; -   ; 11,000 ; 261,91 ; -   ;PROJETO COPEL FASE 1
9122004089;MC;PV01;CHAVE COMBINADA 17 MM;UN;010108;31; 5,000 ; -   ; 5,000 ; 185,45 ; -   ;PROJETO COPEL FASE 1
9122004090;MC;PV01;CHAVE COMBINADA 19 MM;UN;010108;31; 5,000 ; -   ; 5,000 ; 148,75 ; -   ;PROJETO COPEL FASE 1
9122004091;MC;PV01;CHAVE DE BOCA 17X16;UN;010108;31; 10,000 ; -   ; 10,000 ; 472,20 ; -   ;PROJETO COPEL FASE 1
9122004092;MC;PV01;CHAVE ESTRELA 10X11MM;UN;010108;31; 10,000 ; -   ; 10,000 ; 695,70 ; -   ;PROJETO COPEL FASE 1
9122004093;MC;PV01;CHAVE ESTRELA 12X13MM - COD. 003 504 - REF. 2-12X13 - GEDORE;UN;010108;31; 10,000 ; -   ; 10,000 ; 973,90 ; -   ;PROJETO COPEL FASE 1
9122004094;MC;PV01;CHAVE ESTRELA 19X18;UN;010108;31; 10,000 ; -   ; 10,000 ; 836,10 ; -   ;PROJETO COPEL FASE 1
9122004095;MC;PV01;CHAVE ESTRELA 24 X 26 MM;UN;010108;31; 3,000 ; -   ; 3,000 ; 261,15 ; -   ;PROJETO COPEL FASE 1
9122004096;MC;PV01;CHAVE ESTRELA FIXA 13MM;UN;010108;31; 10,000 ; -   ; 10,000 ; 382,30 ; -   ;PROJETO COPEL FASE 1
9122004097;MC;PV01;CHAVE FUSIVEL DE 38KV;UN;010108;31; 20,000 ; -   ; 20,000 ; 15.456,20 ; -   ;PROJETO COPEL FASE 1
9122004098;MC;PV01;CHAVE INGLESA 200MM;UN;010108;31; 10,000 ; -   ; 10,000 ; 849,80 ; -   ;PROJETO COPEL FASE 1
9122004099;MC;PV01;CHAVE INGLESA 250MM;UN;010108;31; 10,000 ; -   ; 10,000 ; 849,80 ; -   ;PROJETO COPEL FASE 1
9122004100;MC;PV01;CHAVE PHILLIPS ISOLADA 1/8 X6 Nº0X150;UN;010108;31; 10,000 ; -   ; 10,000 ; 190,40 ; -   ;PROJETO COPEL FASE 1
9122004101;MC;PV01;CHAVE TORX T30;UN;010108;31; 2,000 ; -   ; 2,000 ; 31,48 ; -   ;PROJETO COPEL FASE 1
9122004102;MC;PV01;COBERTURA PROTETORA PARA BUCHA BT TRANSFORMADOR;UN;010108;31; 10,000 ; -   ; 10,000 ; 285,60 ; -   ;PROJETO COPEL FASE 1
9122004103;MC;PV01;CONE PARA SINALIZACAO;UN;010108;31; 90,000 ; -   ; 90,000 ; 8.512,20 ; -   ;PROJETO COPEL FASE 1
9122004104;MC;PV01;CONECTOR CUNHA TIPO C;UN;010108;31; 298,000 ; -   ; 298,000 ; 3.620,70 ; -   ;PROJETO COPEL FASE 1
9122004105;MC;PV01;CONECTOR PERFURANTE DE DERIVACAO MODELO CDPF-35-35-C35;UN;010108;31; 305,000 ; -   ; 305,000 ; 5.651,65 ; -   ;PROJETO COPEL FASE 1
9122004106;MC;PV01;CONECTOR TAPIT 10MM;UN;010108;31; 113,000 ; -   ; 113,000 ; 1.201,19 ; -   ;PROJETO COPEL FASE 1
9122004107;MC;PV01;CONJUNTO DE ATERRAMENTO TEMPORARIO PARA BAIXA TENSAO;UN;010108;31; 2,000 ; -   ; 2,000 ; 1.643,04 ; -   ;PROJETO COPEL FASE 1
9122004108;MC;PV01;CONJUNTO DE ATERRAMENTO TEMPORARIO TIPO SELA PADRAO COPEL;UN;010108;31; 5,000 ; -   ; 5,000 ; 395,40 ; -   ;PROJETO COPEL FASE 1
9122004109;MC;PV01;CRUZETA AUXILIAR SEM MASTRO 64 X 2410 MM;UN;010108;31; 3,000 ; -   ; 3,000 ; 106,44 ; -   ;PROJETO COPEL FASE 1
9122004110;MC;PV01;CUNHA DE MADEIRA PARA USO EM REDE SECUNDARIA ISOLADA;UN;010108;31; 5,000 ; -   ; 5,000 ; 241,90 ; -   ;PROJETO COPEL FASE 1
9122004111;MC;PV01;DESCASCADOR DE CONDUTOR XLPE 13,8KV;UN;010108;31; 2,000 ; -   ; 2,000 ; 620,94 ; -   ;PROJETO COPEL FASE 1
9122004112;MC;PV01;DETECTOR DE BT POR CONTATO COM LUZ E SOM PADRAO COPEL;UN;010108;31; 5,000 ; -   ; 5,000 ; 8.989,15 ; -   ;PROJETO COPEL FASE 1
9122004113;MC;PV01;DETECTOR DE TENSAO TIPO STANDY BY POR CONTATO MT DE 3,8 A 36KV;UN;010108;31; 5,000 ; -   ; 5,000 ; 9.838,10 ; -   ;PROJETO COPEL FASE 1
9122004114;MC;PV01;DISJUNTOR BIFASICO 100A;UN;010108;31; 1,000 ; -   ; 1,000 ; 184,90 ; -   ;PROJETO COPEL FASE 1
9122004115;MC;PV01;DISJUNTOR BIFASICO 50A DIN;UN;010108;31; 3,000 ; -   ; 3,000 ; 181,53 ; -   ;PROJETO COPEL FASE 1
9122004116;MC;PV01;DISJUNTOR BIFASICO 70A DIN;UN;010108;31; 1,000 ; -   ; 1,000 ; 108,30 ; -   ;PROJETO COPEL FASE 1
9122004117;MC;PV01;DISJUNTOR MONOFASICO 63A;UN;010108;31; 6,000 ; -   ; 6,000 ; 155,10 ; -   ;PROJETO COPEL FASE 1
9122004118;MC;PV01;DISJUNTOR TRIFASICO 100 A DIN;UN;010108;31; 1,000 ; -   ; 1,000 ; 100,04 ; -   ;PROJETO COPEL FASE 1
9122004119;MC;PV01;DISJUNTOR TRIFASICO 50 A DIN;UN;010108;31; 1,000 ; -   ; 1,000 ; 109,00 ; -   ;PROJETO COPEL FASE 1
9122004120;MC;PV01;DISJUNTOR TRIFASICO 90A;UN;010108;31; 1,000 ; -   ; 1,000 ; 676,30 ; -   ;PROJETO COPEL FASE 1
9122004121;MC;PV01;DISJUNTOR TRPOLAR 100A T-MAX T1T;UN;010108;31; 2,000 ; -   ; 2,000 ; 2.291,58 ; -   ;PROJETO COPEL FASE 1
9122004122;MC;PV01;DISPOSITIVO PARA INSTALACAO DE LINHA DE VIDA AGULHAO;UN;010108;31; 10,000 ; -   ; 10,000 ; 1.397,10 ; -   ;PROJETO COPEL FASE 1
9122004123;MC;PV01;DISPOSITIVO PARA INSTALACAO DE LINHA DE VIDA GANCHO;UN;010108;31; 5,000 ; -   ; 5,000 ; 946,85 ; -   ;PROJETO COPEL FASE 1
9122004124;MC;PV01;ESCOVA DE ACO EM V PARA CONDUTORES;UN;010108;31; 10,000 ; -   ; 10,000 ; 1.051,80 ; -   ;PROJETO COPEL FASE 1
9122004125;MC;PV01;ESPORA DE ACO COMPLETA COM CORREIA PARA POSTE DUPLO  T;UN;010108;31; 5,000 ; -   ; 5,000 ; 1.053,35 ; -   ;PROJETO COPEL FASE 1
9122004126;MC;PV01;FACAO;UN;010108;31; 10,000 ; -   ; 10,000 ; 404,70 ; -   ;PROJETO COPEL FASE 1
9122004127;MC;PV01;FAROLETE LANTERNA MANUAL;UN;010108;31; 5,000 ; -   ; 5,000 ; 340,85 ; -   ;PROJETO COPEL FASE 1
9122004128;MC;PV01;FURADEIRA;UN;010108;31; 8,000 ; -   ; 8,000 ; 3.441,44 ; -   ;PROJETO COPEL FASE 1
9122004129;MC;PV01;GIROFLEX;UN;010108;31; 5,000 ; -   ; 5,000 ; 216,30 ; -   ;PROJETO COPEL FASE 1
9122004131;MC;PV01;LAMINA DE SERRA;UN;010108;31; 10,000 ; -   ; 10,000 ; 96,00 ; -   ;PROJETO COPEL FASE 1
9122004132;MC;PV01;LANTERNA P/CAPACETE;UN;010108;31; 10,000 ; -   ; 10,000 ; 476,10 ; -   ;PROJETO COPEL FASE 1
9122004133;MC;PV01;LANTERNA RECARREGAVEL;UN;010108;31; 10,000 ; -   ; 10,000 ; 758,10 ; -   ;PROJETO COPEL FASE 1
9122004134;MC;PV01;MAQUINA PARA FITA FUSIMEC;UN;010108;31; 5,000 ; -   ; 5,000 ; 1.137,90 ; -   ;PROJETO COPEL FASE 1
9122004135;MC;PV01;MARRETA 2KG;UN;010108;31; 3,000 ; -   ; 3,000 ; 124,98 ; -   ;PROJETO COPEL FASE 1
9122004136;MC;PV01;MARRETA DE ACO DE 10KG;UN;010108;31; 1,000 ; -   ; 1,000 ; 288,66 ; -   ;PROJETO COPEL FASE 1
9122004138;MC;PV01;MATRIZ HIDRAULICA 163;UN;010108;31; 9,000 ; -   ; 9,000 ; 1.364,58 ; -   ;PROJETO COPEL FASE 1
9122004139;MC;PV01;MATRIZ HIDRAULICA 169 (LITORAL);UN;010108;31; 2,000 ; -   ; 2,000 ; 14,44 ; -   ;PROJETO COPEL FASE 1
9122004140;MC;PV01;MATRIZ HIDRAULICA 239;UN;010108;31; 7,000 ; -   ; 7,000 ; 1.061,34 ; -   ;PROJETO COPEL FASE 1
9122004141;MC;PV01;MATRIZ HIDRAULICA 242;UN;010108;31; 5,000 ; -   ; 5,000 ; 758,10 ; -   ;PROJETO COPEL FASE 1
9122004142;MC;PV01;MATRIZ HIDRAULICA 245;UN;010108;31; 3,000 ; -   ; 3,000 ; 454,86 ; -   ;PROJETO COPEL FASE 1
9122004143;MC;PV01;MATRIZ HIDRAULICA248;UN;010108;31; 6,000 ; -   ; 6,000 ; 1.083,06 ; -   ;PROJETO COPEL FASE 1
9122004144;MC;PV01;MATRIZ HIDRAULICA 249;UN;010108;31; 4,000 ; -   ; 4,000 ; 606,48 ; -   ;PROJETO COPEL FASE 1
9122004146;MC;PV01;MATRIZ HIDRAULICA 321;UN;010108;31; 8,000 ; -   ; 8,000 ; 1.212,96 ; -   ;PROJETO COPEL FASE 1
9122004147;MC;PV01;MATRIZ HIDRAULICA O;UN;010108;31; 10,000 ; -   ; 10,000 ; 1.580,40 ; -   ;PROJETO COPEL FASE 1
9122004148;MC;PV01;MATRIZ MECANICA 161 (LITORAL);UN;010108;31; 8,000 ; -   ; 8,000 ; 1.212,96 ; -   ;PROJETO COPEL FASE 1
9122004149;MC;PV01;MATRIZ MECANICA 162;UN;010108;31; 9,000 ; -   ; 9,000 ; 1.364,58 ; -   ;PROJETO COPEL FASE 1
9122004150;MC;PV01;MATRIZ MECANICA 163;UN;010108;31; 9,000 ; -   ; 9,000 ; 1.364,58 ; -   ;PROJETO COPEL FASE 1
9122004151;MC;PV01;MATRIZ MECANICA 165 (LITORAL);UN;010108;31; 6,000 ; -   ; 6,000 ; 996,36 ; -   ;PROJETO COPEL FASE 1
9122004152;MC;PV01;MATRIZ MECANICA 236;UN;010108;31; 7,000 ; -   ; 7,000 ; 1.121,89 ; -   ;PROJETO COPEL FASE 1
9122004153;MC;PV01;MATRIZ MECANICA 239;UN;010108;31; 3,000 ; -   ; 3,000 ; 480,81 ; -   ;PROJETO COPEL FASE 1
9122004154;MC;PV01;MATRIZ MECANICA 243;UN;010108;31; 10,000 ; -   ; 10,000 ; 72,20 ; -   ;PROJETO COPEL FASE 1
9122004155;MC;PV01;MATRIZ MECANICA 245;UN;010108;31; 10,000 ; -   ; 10,000 ; 72,20 ; -   ;PROJETO COPEL FASE 1
9122004156;MC;PV01;MATRIZMECANICA 249;UN;010108;31; 11,000 ; -   ; 11,000 ; 1.667,82 ; -   ;PROJETO COPEL FASE 1
9122004159;MC;PV01;PORCA SEXTAVADA 5/8 GALVANIZADA;UN;010108;31; 200,000 ; -   ; 200,000 ; 224,00 ; -   ;PROJETO COPEL FASE 1
9122004160;MC;PV01;PRENSA CABO M25 COR PRETO;UN;010108;31; 286,000 ; -   ; 286,000 ; 1.647,36 ; -   ;PROJETO COPEL FASE 1
9122004161;MC;PV01;SERROTE CURVO PARA VARA DE MANOBRA;UN;010108;31; 3,000 ; -   ; 3,000 ; 688,38 ; -   ;PROJETO COPEL FASE 1
9122004162;MC;PV01;TERMINAL DE COMPRESSAO PARA CABO DE 35MM;UN;010108;31; 28,000 ; -   ; 28,000 ; 190,12 ; -   ;PROJETO COPEL FASE 1
9122004163;MC;PV01;TERMINAL PRE-ISOL OLHAL 4-6MX5M AMAR AN2450 CRIMPE;UN;010108;31; 100,000 ; -   ; 100,000 ; 211,00 ; -   ;PROJETO COPEL FASE 1
9122004164;MC;PV01;TESOURAO;UN;010108;31; 15,000 ; -   ; 15,000 ; 658,50 ; -   ;PROJETO COPEL FASE 1
9122004166;MC;PV01;CABO TNC MACHO / N FEMEA (PIGTAIL);UN;010108;31; 50,000 ; -   ; 50,000 ; 2.703,50 ; -   ;PROJETO COPEL FASE 1
9122004167;MC;PV01;MODULO DE COMUNICACAO PARA MEDIDOR WEG, COMUNICACAO SEM FIO, TENSAO DE 4V E 3,3V (MJN87.R110);UN;010108;31; 22,000 ; -   ; 22,000 ; 1.678,06 ; -   ;PROJETO COPEL FASE 1
9122004168;MC;PV01;REPETIDORES DE SINAL DE RADIO FREQUENCIA P/ COMUN. BIDIREC. DADOS S/FIO MODELO HXWSG100R21003-CPL.V2;UN;010108;31; 786,000 ; -   ; 786,000 ; 379.071,22 ; -   ;PROJETO COPEL FASE 1
9122004169;MC;PV01;ROTEADORES DE BORDA PARA COMUNICACAO BIDIRECIONAL DE DADOS SEM FIO MODELO HXAP1000R21107-CPL.V2;UN;010108;31; 16,000 ; -   ; 16,000 ; 32.095,02 ; -   ;PROJETO COPEL FASE 1
9122004316;MC;PV01;ESTROPO DE NYLON 800MM;UN;010108;31; 5,000 ; -   ; 5,000 ; 1.913,35 ; -   ;PROJETO COPEL FASE 1
9122004317;MC;PV01;MATRIZ HIDRAULICA 317 (RDU);UN;010108;31; 1,000 ; -   ; 1,000 ; 7,22 ; -   ;PROJETO COPEL FASE 1
9122004318;MC;PV01;ADESIVO BICOMPONENTE PREPARADO A BASE DE BORRACHA (COLA PARA RELAY);UN;010108;31; 132,000 ; -   ; 132,000 ; 9.584,37 ; -   ;PROJETO COPEL FASE 1
9122004319;MC;PV01;CAVADEIRA ARTICULADA;UN;010108;31; 3,000 ; -   ; 3,000 ; 624,36 ; -   ;PROJETO COPEL FASE 1
9122100255;MC;PV01;PARAFUSADEIRA ELETRICA;UN;010108;32; 3,000 ; -   ; 3,000 ; 2.886,00 ; -   ;PROJETO CELESC
9122100268;AI;IM08;CONVERSOR DE MIDIA SM, MONOFIBRA, SC/APC, PORTA RJ45, 10/100MBPS, 5-12VCC- LADO B- 20KM;UN;010108;30; 37,000 ; -   ; 37,000 ; 12.580,00 ; -   ;PROJETO COPEL FASE 2
9140256003;PI;MP06;SCJ. TAMPA DO MODULO ZEUS + VISOR - C/ANTENA;UN;010108;31; 2.296,000 ; -   ; 2.296,000 ; 1.509,62 ; -   ;PROJETO COPEL FASE 1
9140256004;PI;MP06;SCJ. TAMPA DO MODULO ZEUS + VISOR - S/ANTENA;UN;010108;31; 3.381,000 ; -   ; 3.381,000 ; 3.062,85 ; -   ;PROJETO COPEL FASE 1
9140258700;MP;MP06;CONJUNTO METALICO PARA ARMACAO DE ROLDANA COM ISOLAMENTO EM PORCELANA 72 X 72MM;UN;010108;28; 460,000 ; -   ; 460,000 ; 8.401,21 ; -   ;CDS PROJECTS ENERGY
9140262500;PI;PI05;KIT DE ESTRUTURA DE COMUNICACAO REMOTA  - SIGFI COPEL;UN;010108;28; 81,000 ; -   ; 81,000 ; 33.733,53 ; -   ;CDS PROJECTS ENERGY
9140283100;PI;PI05;INVERSORES PARA SISTEMAS FOTOVOLTAICOS HIBRIDO MONOFASICO 3KW 220V 2 MPPT AFCI HP1-3KS2R11001;UN;010108;28; 2,000 ; -   ; 2,000 ; 3.492,05 ; -   ;CDS PROJECTS ENERGY
9140291203;RV;RV01;"SCJ. SUPORTE PARA ANTENA EM  """"L"""" AJUSTAVEL PARA PORTE """"T"""" COM FIXACAO POR FUROS";UN;010108;30; 243,000 ; -   ; 243,000 ; 47.019,94 ; -   ;PROJETO COPEL FASE 2
9140291203;RV;RV01;"SCJ. SUPORTE PARA ANTENA EM  """"L"""" AJUSTAVEL PARA PORTE """"T"""" COM FIXACAO POR FUROS";UN;010108;31; 14,000 ; -   ; 14,000 ; 3.830,85 ; -   ;PROJETO COPEL FASE 1
9140292200;PA;PA55;KIT CONECTOR MC4;UN;010108;28; 21,000 ; -   ; 21,000 ; 116.825,16 ; -   ;CDS PROJECTS ENERGY
9140800038;PI;PI05;MODULO DE COMUNICACAO WISUN HEXING (915MHZ) + 8V + ANTENA 915MHZ - POSTE;UN;010108;31; 4.710,000 ; -   ; 4.710,000 ; 917.394,49 ; -   ;PROJETO COPEL FASE 1
9140800039;PI;PI05;MODULO DE COMUNICACAO WISUN HEXING (915MHZ) + 8V + ANTENA INTERNA;UN;010108;31; 5.764,000 ; -   ; 5.764,000 ; 537.468,79 ; -   ;PROJETO COPEL FASE 1
9140800068;PI;PI05;MODULO DE COMUNICACAO WISUN ZEUS NG + 12V + ANTENA EXTERNA + FIXACAO NO POSTE CELESC;UN;010108;32; 600,000 ; -   ; 600,000 ; 37.349,70 ; -   ;PROJETO CELESC
915512CQ03;PA;PA04;MEDIDOR ZEUS 8021-NG NIC CLASSE B 120V 1 ELEM. 1 FASE 2 FIOS 15(100)A;UN;010108;28; 69,000 ; -   ; 69,000 ; 11.412,59 ; -   ;CDS PROJECTS ENERGY
9159610000;PA;PA55;SIGFI 80 - SISTEMA DE GERACAO COM FONTES INTERMITENTES 80KWH/MES 127V;UN;010108;12; 4,000 ; -   ; 4,000 ; 128.139,12 ; -   ;SOLAR DISAPPROVAL
9159610000;PA;PA55;SIGFI 80 - SISTEMA DE GERACAO COM FONTES INTERMITENTES 80KWH/MES 127V;UN;010108;28; 7,000 ; -   ; 7,000 ; 96.743,46 ; -   ;CDS PROJECTS ENERGY
9191270218;MC;MR01;CANIVETE COM LAMINA TIPO NAVALHA;UN;010108;31; 25,000 ; -   ; 25,000 ; 1.118,50 ; -   ;PROJETO COPEL FASE 1
9191270223;MC;MR02;CARGA TESTE PARA MEDIDORES, PORTATIL 127 V - 1000 WATTS;UN;010108;31; 15,000 ; -   ; 15,000 ; 5.025,90 ; -   ;PROJETO COPEL FASE 1
9191270224;MC;MR01;CHAVE ALLEN 4MM CABO T;UN;010108;31; 10,000 ; -   ; 10,000 ; 410,30 ; -   ;PROJETO COPEL FASE 1
9191270225;MC;MR01;CHAVE ALLEN HEXAGONAL 1/4;UN;010108;31; 10,000 ; -   ; 10,000 ; 218,60 ; -   ;PROJETO COPEL FASE 1
9191270226;MC;MR01;CHAVE ALLEN COM CABO T ISOLADO, HEXAGONAL 5/16;UN;010108;31; 10,000 ; -   ; 10,000 ; 372,40 ; -   ;PROJETO COPEL FASE 1
9191270227;MC;MR01;CHAVE ALLEN HEXAGONAL 3/8;UN;010108;31; 10,000 ; -   ; 10,000 ; 175,70 ; -   ;PROJETO COPEL FASE 1
9191270228;MC;MR01;CHAVE ALLEN HEXAGONAL 5/16;UN;010108;31; 20,000 ; -   ; 20,000 ; 410,80 ; -   ;PROJETO COPEL FASE 1
9191270231;MC;MR01;MARTELO TIPO PENA 300G;UN;010108;31; 10,000 ; -   ; 10,000 ; 357,10 ; -   ;PROJETO COPEL FASE 1
9191270236;MC;MR01;SERRA PODA MANUAL;UN;010108;31; 5,000 ; -   ; 5,000 ; 1.285,20 ; -   ;PROJETO COPEL FASE 1
9191270264;RV;RV01;CONECTOR TERMINAL DE COBRE 16MM2 COM PARAFUSO M12X50 PARA CHAVE FUSIVEL;UN;010108;30; 59,000 ; -   ; 59,000 ; 3.634,78 ; -   ;PROJETO COPEL FASE 2
9191270264;RV;RV01;CONECTOR TERMINAL DE COBRE 16MM2 COM PARAFUSO M12X50 PARA CHAVE FUSIVEL;UN;010108;31; 712,000 ; -   ; 712,000 ; 30.954,20 ; -   ;PROJETO COPEL FASE 1
9191270510;MC;MR02;TAMPAO PLASTICO PARA CONDULETE DE 3/4;UN;010108;30; 13.000,000 ; -   ; 13.000,000 ; 8.967,40 ; -   ;PROJETO COPEL FASE 2
9191270788;MC;MR01;SUPORTE OMEGA PARA ELETROCALHA 50X50MM #20;UN;010108;32; 40.500,000 ; -   ; 40.500,000 ; 97.916,85 ; -   ;PROJETO CELESC
9191270833;RV;RV01;"ELETRODUTO ACO CARBONO MEDIO A GALVANIZADO FOGO 1/2"" BSP 3M ABNT NBR 5598";UN;010108;30; 10,000 ; -   ; 10,000 ; 814,09 ; -   ;PROJETO COPEL FASE 2
9191270833;RV;RV01;"ELETRODUTO ACO CARBONO MEDIO A GALVANIZADO FOGO 1/2"" BSP 3M ABNT NBR 5598";UN;010108;32; 38,000 ; -   ; 38,000 ; 1.325,58 ; -   ;PROJETO CELESC
9191270834;MC;MR01;"ELETRODUTO ACO CARBONO MEDIO A GALVANIZADO FOGO 1/2"" BSP 6M ABNT NBR 5598";UN;010108;32; 160,000 ; -   ; 160,000 ; 17.022,75 ; -   ;PROJETO CELESC
9191270843;MC;MR01;FITA ISOLANTE 18MM LARG X 10 MT;UN;010108;31; 60,000 ; -   ; 60,000 ; 242,69 ; -   ;PROJETO COPEL FASE 1
9191270847;RV;RV01;CARREGADOR DE ACUMULADOR (CA) PORTATIL PARA CARREGAR DISPOSITIVOS CONVENCIONAIS CAP. 22,4V/133200MAH - 110V;UN;010108;07; 24,000 ; -   ; 24,000 ; 55.877,22 ; -   ;LIVOLTEK - VENDAS
9191270848;RV;RV01;CARREGADOR DE ACUMULADOR (CA) PORTATIL PARA CARREGAR DISPOSITIVOS CONVENCIONAIS CAP. 12,8V/130500MAH - 110V;UN;010108;07; 25,000 ; -   ; 25,000 ; 36.052,01 ; -   ;LIVOLTEK - VENDAS
9191270849;RV;RV01;CARREGADOR DE ACUMULADOR (CA) PORTATIL PARA CARREGAR DISPOSITIVOS CONVENCIONAIS CAP. 14,8V/80000MAH - 110V;UN;010108;16; 23,000 ; -   ; 23,000 ; 20.343,15 ; -   ;SOLAR SCRAPPED
9191271044;MC;MR02;PAINEL PARA FIXACAO DE DISJUNTORES EM BASTIDOR DE TELECOM - 20 DISJ. - SEITEC;UN;010108;32; 12,000 ; -   ; 12,000 ; 8.755,87 ; -   ;PROJETO CELESC
9191271052;MC;MR02;TERMINAL OLHAL PRE ISOLADO DE 2,5MM;UN;010108;30; 500,000 ; -   ; 500,000 ; 156,95 ; -   ;PROJETO COPEL FASE 2
9191271060;RV;RV01;KIT TELHADO CERAMICO CCM-10 4 MODULOS STD.;UN;010108;07; 2.584,000 ; -   ; 2.584,000 ; 629.061,10 ; -   ;LIVOLTEK - VENDAS
9191271061;RV;RV01;KIT TELHADO FIBROCIMENTO FIX MADE 200 MM 4 MODULOS STD;UN;010108;07; 1.608,000 ; -   ; 1.608,000 ; 370.681,14 ; -   ;LIVOLTEK - VENDAS
9191271062;RV;RV01;KIT TELHADO FIBROMETAL FIX MTL 250 MM 4 MODULOS STD;UN;010108;07; 796,000 ; -   ; 796,000 ; 178.994,77 ; -   ;LIVOLTEK - VENDAS
9191271063;RV;RV01;KIT MINI TRILHO BAIXO P-1 PARA 4 MODULOS 300 MM;UN;010108;07; 2.282,000 ; -   ; 2.282,000 ; 160.454,49 ; -   ;LIVOLTEK - VENDAS
9191271064;RV;RV01;TRIANGULO RETRATO TELESCOPIO 4 MODULOS 15° A 30° LAJE;UN;010108;07; 168,000 ; -   ; 168,000 ; 97.531,71 ; -   ;LIVOLTEK - VENDAS
9191271065;RV;RV01;KIT SOLO EASY LINE 4 MODULOS - 1134X2279;UN;010108;07; 2.191,000 ; -   ; 2.191,000 ; 880.373,16 ; -   ;LIVOLTEK - VENDAS
9191271296;MC;MR01;"MASTRO DE FERRO GALVANIZADO 1.1/2"" COMPRIMENTO 3M PARA PARA-RAIOS  FRANKLIN";UN;010108;28; 12,000 ; -   ; 12,000 ; 1.753,30 ; -   ;CDS PROJECTS ENERGY
9191271296;MC;MR01;"MASTRO DE FERRO GALVANIZADO 1.1/2"" COMPRIMENTO 3M PARA PARA-RAIOS  FRANKLIN";UN;010108;32; 40,000 ; -   ; 40,000 ; 5.108,80 ; -   ;PROJETO CELESC
9191271297;MC;MR01;"ABRACADEIRA GUIA PARA MASTRO 1.1/2""";UN;010108;28; 33,000 ; -   ; 33,000 ; 292,90 ; -   ;CDS PROJECTS ENERGY
9191271297;MC;MR01;"ABRACADEIRA GUIA PARA MASTRO 1.1/2""";UN;010108;32; 120,000 ; -   ; 120,000 ; 1.601,06 ; -   ;PROJETO CELESC
9192219662;MC;MR01;CONECTOR MECANICO PARA DROP SC/APC P/ FIBRA G.657 E G.652;UN;010108;30; 50,000 ; -   ; 50,000 ; 400,00 ; -   ;PROJETO COPEL FASE 2
9192219663;MC;MR01;ANCORAGEM TIPO CUNHA PARA CABO DROP FLAT OU CIRCULAR;UN;010108;30; 50,000 ; -   ; 50,000 ; 225,00 ; -   ;PROJETO COPEL FASE 2
9192220083;MC;MR01;CONECTOR DE COMPRESSAO PARA ATERRAMENTO LIGA DE COBRE SACG-1258-70;UN;010108;32; 200,000 ; -   ; 200,000 ; 7.081,54 ; -   ;PROJETO CELESC
9192220132;RV;RV01;DISJUNTOR DIN MONOPOLAR 40A, CURVA C, ICN = 6KA;UN;010108;30; 329,000 ; -   ; 329,000 ; 2.743,79 ; -   ;PROJETO COPEL FASE 2
9192220132;RV;RV01;DISJUNTOR DIN MONOPOLAR 40A, CURVA C, ICN = 6KA;UN;010108;41; 212,000 ; -   ; 212,000 ; 1.768,04 ; -   ;COPEL 4.1: ENERGEC
9192220133;RV;RV01;DISJUNTOR DIN MONOPOLAR 50A, CURVA C, ICN = 6KA;UN;010108;30; 1.267,000 ; -   ; 1.267,000 ; 9.343,74 ; -   ;PROJETO COPEL FASE 2
9192220133;RV;RV01;DISJUNTOR DIN MONOPOLAR 50A, CURVA C, ICN = 6KA;UN;010108;41; 632,000 ; -   ; 632,000 ; 4.660,75 ; -   ;COPEL 4.1: ENERGEC
9192220134;RV;RV01;DISJUNTOR DIN MONOPOLAR 63A, CURVA C, ICN = 6KA;UN;010108;30; 5,000 ; -   ; 5,000 ; 49,19 ; -   ;PROJETO COPEL FASE 2
9192220134;RV;RV01;DISJUNTOR DIN MONOPOLAR 63A, CURVA C, ICN = 6KA;UN;010108;41; 4,000 ; -   ; 4,000 ; 39,36 ; -   ;COPEL 4.1: ENERGEC
9192220140;RV;RV01;DISJUNTOR DIN BIPOLAR 40A, CURVA C, ICN = 6KA;UN;010108;30; 61,000 ; -   ; 61,000 ; 1.439,30 ; -   ;PROJETO COPEL FASE 2
9192220140;RV;RV01;DISJUNTOR DIN BIPOLAR 40A, CURVA C, ICN = 6KA;UN;010108;41; 33,000 ; -   ; 33,000 ; 778,64 ; -   ;COPEL 4.1: ENERGEC
9192220141;RV;RV01;DISJUNTOR DIN BIPOLAR 50A, CURVA C, ICN = 6KA;UN;010108;30; 542,000 ; -   ; 542,000 ; 12.793,64 ; -   ;PROJETO COPEL FASE 2
9192220141;RV;RV01;DISJUNTOR DIN BIPOLAR 50A, CURVA C, ICN = 6KA;UN;010108;41; 283,000 ; -   ; 283,000 ; 6.680,07 ; -   ;COPEL 4.1: ENERGEC
9192220143;RV;RV01;DISJUNTOR DIN BIPOLAR 70A, CURVA C, ICN = 6KA;UN;010108;30; 5,000 ; -   ; 5,000 ; 182,26 ; -   ;PROJETO COPEL FASE 2
9192220143;RV;RV01;DISJUNTOR DIN BIPOLAR 70A, CURVA C, ICN = 6KA;UN;010108;41; 3,000 ; -   ; 3,000 ; 109,35 ; -   ;COPEL 4.1: ENERGEC
9192220148;RV;RV01;DISJUNTOR DIN TRIPOLAR 40A, CURVA C, ICN = 6KA;UN;010108;30; 18,000 ; -   ; 18,000 ; 499,94 ; -   ;PROJETO COPEL FASE 2
9192220148;RV;RV01;DISJUNTOR DIN TRIPOLAR 40A, CURVA C, ICN = 6KA;UN;010108;41; 11,000 ; -   ; 11,000 ; 305,52 ; -   ;COPEL 4.1: ENERGEC
9192220149;RV;RV01;DISJUNTOR DIN TRIPOLAR 50A, CURVA C, ICN = 6KA;UN;010108;30; 192,000 ; -   ; 192,000 ; 5.356,07 ; -   ;PROJETO COPEL FASE 2
9192220149;RV;RV01;DISJUNTOR DIN TRIPOLAR 50A, CURVA C, ICN = 6KA;UN;010108;41; 104,000 ; -   ; 104,000 ; 2.901,20 ; -   ;COPEL 4.1: ENERGEC
9192220151;RV;RV01;DISJUNTOR DIN TRIPOLAR 70A, CURVA C, ICN = 6KA;UN;010108;30; 21,000 ; -   ; 21,000 ; 1.135,28 ; -   ;PROJETO COPEL FASE 2
9192220151;RV;RV01;DISJUNTOR DIN TRIPOLAR 70A, CURVA C, ICN = 6KA;UN;010108;41; 7,000 ; -   ; 7,000 ; 378,43 ; -   ;COPEL 4.1: ENERGEC
9192220162;MC;MR01;CINTA POSTE CIRCULAR ACO GALVANIZADO 170MM;UN;010108;32; 121,000 ; -   ; 121,000 ; 4.988,31 ; -   ;PROJETO CELESC
9192220364;RV;RV01;"PEDESTAL PARA ESTACAO DE RECARGA DC30KW; 200X80MM; ACO CARBONO 1020; COM FURACOES; PINTURA ELETROSTATICA; E PARABOLTS";UN;010108;07; 9,000 ; -   ; 9,000 ; 6.313,31 ; -   ;LIVOLTEK - VENDAS
9192220387;MC;MR01;DISJUNTOR BIPOLAR SDD62C16 3KA 16A;UN;010108;28; 1,000 ; -   ; 1,000 ; 7,85 ; -   ;CDS PROJECTS ENERGY
9192220559;MC;MR01;CONECTOR RJ45 MACHO CAT6 10U;UN;010108;32; 10,000 ; -   ; 10,000 ; 53,12 ; -   ;PROJETO CELESC
9192220901;RV;RV01;MOTOR DE POPA, (MODEL: EDP003L, 3.0 KW 3.0 KW, DC 36~60 V, DIMENSOES (LXBXH): 423MMX288.5MMX1140MM;UN;010108;08; 1,000 ; -   ; 1,000 ; 7.271,50 ; -   ;LIVOLTEK - WARRANTY
9192220954;AI;IM01;DISPOSITIVO DE ABERTURA EM CARGA LOADBUSTER;UN;010108;31; 1,000 ; -   ; 1,000 ; 4.641,79 ; -   ;PROJETO COPEL FASE 1
A0070230E11R11302;RV;RV01;CARREGADOR VEICULAR LIVOLTEK  CA 7.3KW  ATOM  230V  32A  CABO 5M  1XTIPO 2  BT  WI-FI  ETH  HARDWARE A21  BO;UN;010108;08; 4,000 ; -   ; 4,000 ; 6.748,08 ; -   ;LIVOLTEK - WARRANTY
A0070230E11R11302;RV;RV01;CARREGADOR VEICULAR LIVOLTEK  CA 7.3KW  ATOM  230V  32A  CABO 5M  1XTIPO 2  BT  WI-FI  ETH  HARDWARE A21  BO;UN;010108;12; 8,000 ; -   ; 8,000 ; 8.481,74 ; -   ;SOLAR DISAPPROVAL
A0070230E11R11302;RV;RV01;CARREGADOR VEICULAR LIVOLTEK  CA 7.3KW  ATOM  230V  32A  CABO 5M  1XTIPO 2  BT  WI-FI  ETH  HARDWARE A21  BO;UN;010108;72; 3,000 ; -   ; 3,000 ; 4.024,45 ; -   ;INSPECAO QUALIDADE
A0220400E11R11002;RV;RV01;CARREGADOR VEICULAR  LIVOLTEK  CA 22KW  ATOM  400V  32A  CABO 5M  1XTIPO 2  BT  WI-FI  ETH  HARDWARE A21  BO;UN;010108;07; 3,000 ; -   ; 3,000 ; 3.623,36 ; -   ;LIVOLTEK - VENDAS
A0220400E11R11002;RV;RV01;CARREGADOR VEICULAR  LIVOLTEK  CA 22KW  ATOM  400V  32A  CABO 5M  1XTIPO 2  BT  WI-FI  ETH  HARDWARE A21  BO;UN;010108;12; 1,000 ; -   ; 1,000 ; 603,89 ; -   ;SOLAR DISAPPROVAL
A0220400E11R11004;RV;RV01;CARREGADOR VEICULAR  LIVOLTEK  CA 22KW  ATOM  400V  32A  CABO 5M  1XTIPO 2  BT  WI-FI (FC41D)  BOTAO DE EMERGE;UN;010108;07; 4,000 ; -   ; 4,000 ; 4.279,24 ; -   ;LIVOLTEK - VENDAS
A0220400E11R11004;RV;RV01;CARREGADOR VEICULAR  LIVOLTEK  CA 22KW  ATOM  400V  32A  CABO 5M  1XTIPO 2  BT  WI-FI (FC41D)  BOTAO DE EMERGE;UN;010108;60; 2,000 ; -   ; 2,000 ; 7.572,60 ; -   ;SAC
A0220400E11R11005;RV;RV01;CARREGADOR VEICULAR  LIVOLTEK  CA 22KW  ATOM  400V  32A  CABO 5M  1XTIPO 2  BT  WI-FI (FC41D)  RFID  BOTAO DE;UN;010108;07; 182,000 ; -   ; 182,000 ; 172.481,82 ; -   ;LIVOLTEK - VENDAS
AC1-AIOR11001;RV;RV01;CAIXA DE ALUMINIO FUNDIDO PARA ALOCACAO DE BATERIAS DE LITIO PARA USO EM INVERSORES FOTOVOLTAICOS;UN;010108;07; 2,000 ; -   ; 2,000 ; 911,93 ; -   ;LIVOLTEK - VENDAS
BHF-X225R11001;RV;RV01;CONVERSOR ESTATICO COM SISTEMA DE ARMAZENAMENTO DE ENERGIA BESS 100KW 225KWH IP55 BHF-X2225;UN;010108;07; 3,000 ; -   ; 3,000 ; 596.646,95 ; -   ;LIVOLTEK - VENDAS
BLF-B51150R11001;RV;RV01;MODULOS DE ACUMULADORES ELETRICOS DE IONS DE LITIO(BATERIA DE LITIO 51,2V 150AH 7.68KWH BLF- B1150);UN;010108;12; 1,000 ; -   ; 1,000 ; 5.660,10 ; -   ;SOLAR DISAPPROVAL
BLF-B51150R11001;RV;RV01;MODULOS DE ACUMULADORES ELETRICOS DE IONS DE LITIO(BATERIA DE LITIO 51,2V 150AH 7.68KWH BLF- B1150);UN;010108;28; 8,000 ; -   ; 8,000 ; 30.891,24 ; -   ;CDS PROJECTS ENERGY
BLF51-5R31001;RV;MP07;BATERIA RECARREGAVEL DE ION DE LITIO (BLF51-5R31001);UN;010108;07; 1,000 ; -   ; 1,000 ; 3.067,16 ; -   ;LIVOLTEK - VENDAS
C04010E2EAFER11003;RV;RV01;CARREGADOR VEICULAR LIVOLTEK CC 40KW MC 133A  2XCCS2 WALL-MOUNT 4G LATAM PPOS;UN;010108;07; 18,000 ; -   ; 18,000 ; 407.853,65 ; -   ;LIVOLTEK - VENDAS
D0300380E1EYW11001;RV;RV01;D0301000E21 - CARREGADOR VEICULAR CC, POTENCIA NOMINAL DE 30KW, DIMENSOES 450 * 145 * 680 MM;UN;010108;07; 12,000 ; -   ; 12,000 ; 202.949,58 ; -   ;LIVOLTEK - VENDAS
D0300380E1EYW11001;RV;RV01;D0301000E21 - CARREGADOR VEICULAR CC, POTENCIA NOMINAL DE 30KW, DIMENSOES 450 * 145 * 680 MM;UN;010108;60; 2,000 ; -   ; 2,000 ; 60.368,00 ; -   ;SAC
GF1-3K48L1R11003;RV;RV01;INVERSOR FOTOVOLTAICO MODELO GF1-3K48L1;UN;010108;04; 1,004 ; -   ; 1,004 ; 577,25 ; -   ;EXPEDICAO
GT1-10KT2R11004;RV;RV01;INVERSORES PARA SISTEMAS FOTOVOLTAICOS ON-GRID GT1 -10KT2R11004;UN;010108;07; 3,000 ; -   ; 3,000 ; 7.552,82 ; -   ;LIVOLTEK - VENDAS
GT1-3K3S1R11001;RV;RV01;INVERSOR FOTOVOLTAICO MODELO GT1-3K3S1;UN;010108;08; 2,000 ; -   ; 2,000 ; 3.512,14 ; -   ;LIVOLTEK - WARRANTY
GT1-6KD2R11008;RV;RV01;INVERSORES PARA SISTEMAS FOTOVOLTAICOS GT1-6KD2R11008;UN;010108;07; 1,000 ; -   ; 1,000 ; 2.152,26 ; -   ;LIVOLTEK - VENDAS
GT1-7K5T2R11002;RV;RV01;INVERSOR ON-GRID MONOFASICO GT1-7K5T2R11002 (GT1-7K5T2R11002);UN;010108;07; 65,000 ; -   ; 65,000 ; 175.789,61 ; -   ;LIVOLTEK - VENDAS
GT1-8KT1R11001;RV;RV01;INVERSOR FOTOVOLTAICO MODELO GT1-8KT1;UN;010108;07; 7,000 ; -   ; 7,000 ; 11.878,95 ; -   ;LIVOLTEK - VENDAS
GT3-100K-1R11002;RV;RV01;INVERSOR ON-GRID TRIFASICO GT3 -100K-1 380V AFCI;UN;010108;07; 16,000 ; -   ; 16,000 ; 209.817,86 ; -   ;LIVOLTEK - VENDAS
GT3-110K-1R11002;RV;RV01;INVERSOR ON-GRID TRIFASICO GT3 -110K-1 380V AFCI;UN;010108;07; 17,000 ; -   ; 17,000 ; 223.001,96 ; -   ;LIVOLTEK - VENDAS
GT3-125K-1R11002;RV;RV01;INVERSOR ON-GRID TRIFASICO GT3 -125K-1 380V AFCI;UN;010108;07; 75,000 ; -   ; 75,000 ; 990.329,81 ; -   ;LIVOLTEK - VENDAS
GT3-15KD1R11008;RV;RV01;INVERSORES PARA SISTEMAS FOTOVOLTAICOS GT3-15KD1R11008;UN;010108;07; 7,000 ; -   ; 7,000 ; 23.015,05 ; -   ;LIVOLTEK - VENDAS
GT3-15KDL1R11002;RV;RV01;INVERSOR ON-GRID TRIFASICO 15KW 220V 2 MPPT AFCI - GT3-15KDL1-2;UN;010108;07; 48,000 ; -   ; 48,000 ; 354.243,81 ; -   ;LIVOLTEK - VENDAS
GT3-15KTL1R11002;RV;RV01;INVERSOR TRIFASICO 220V ON-GRID GT3-15KTL1 AFCI;UN;010108;07; 3,000 ; -   ; 3,000 ; 17.839,42 ; -   ;LIVOLTEK - VENDAS
GT3-20KD1R11001;RV;RV01;INVERSOR FOTOVOLTAICO MODELO GT3 -20KD1;UN;010108;07; 8,000 ; -   ; 8,000 ; 18.675,50 ; -   ;LIVOLTEK - VENDAS
GT3-20KD1R11006;RV;RV01;INVERSORES PARA SISTEMAS FOTOVOLTAICOS (GT3-20KD1R11006);UN;010108;07; 28,000 ; -   ; 28,000 ; 100.331,49 ; -   ;LIVOLTEK - VENDAS
GT3-20KD1R11008;RV;RV01;INVERSORES PARA SISTEMAS FOTOVOLTAICOS ON-GRID GT3-20KD1R11008;UN;010108;07; 66,000 ; -   ; 66,000 ; 235.960,71 ; -   ;LIVOLTEK - VENDAS
GT3-20KTL1R11002;RV;RV01;INVERSOR TRIFASICO 220V ON-GRID GT3-20KTL1 AFCI;UN;010108;07; 18,000 ; -   ; 18,000 ; 107.993,59 ; -   ;LIVOLTEK - VENDAS
GT3-250K-DW;RV;RV01;INVERSOR ON-GRID LIVOLTEK GT3-250K;UN;010108;16; 2,000 ; -   ; 2,000 ; 57.922,57 ; -   ;SOLAR SCRAPPED
GT3-25KD1R11006;RV;RV01;INVERSORES PARA SISTEMAS FOTOVOLTAICOS (GT3-25KD1R11006);UN;010108;07; 45,000 ; -   ; 45,000 ; 159.076,08 ; -   ;LIVOLTEK - VENDAS
GT3-25KD1R11008;RV;RV01;INVERSORES PARA SISTEMAS FOTOVOLTAICOS ON-GRID GT3 - 25KD1R11008;UN;010108;07; 44,000 ; -   ; 44,000 ; 158.436,54 ; -   ;LIVOLTEK - VENDAS
GT3-30KD1R11002;RV;RV01;INVERSOR ON-GRID TRIFASICO 30KW 220V 3 MPPT AFCI - GT3-30KTL1-2;UN;010108;07; 2,000 ; 1,000 ; 1,000 ; 7.995,06 ; 3.997,53 ;LIVOLTEK - VENDAS
GT3-30KQL1R11002;RV;RV01;INVERSOR TRIFASICO 220V ON-GRID GT3-30KQL1 AFCI;UN;010108;07; 2,000 ; -   ; 2,000 ; 13.903,44 ; -   ;LIVOLTEK - VENDAS
GT3-30KT1R11002;RV;RV01;INVERSOR TRIFASICO 380V ON-GRID GT3-30KT1 AFCI.;UN;010108;07; 153,000 ; -   ; 153,000 ; 1.098.736,77 ; -   ;LIVOLTEK - VENDAS
GT3-30KTL1R11002;RV;RV01;INVERSOR ON-GRID TRIFASICO 30KW 380V 2 MPPT AFCI - GT3-30KD1-2;UN;010108;07; 88,000 ; -   ; 88,000 ; 651.587,18 ; -   ;LIVOLTEK - VENDAS
GT3-37K5Q1R11002;RV;RV01;INVERSOR TRIFASICO 380V ON-GRID GT3-37K5Q AFCI;UN;010108;07; 125,000 ; -   ; 125,000 ; 913.214,43 ; -   ;LIVOLTEK - VENDAS
GT3-37K5T1R11002;RV;RV01;INVERSOR ON-GRID TRIFASICO 37,5KW 380V 3 MPPT AFCI - GT3-37K5T1;UN;010108;07; 71,000 ; -   ; 71,000 ; 559.494,79 ; -   ;LIVOLTEK - VENDAS
GT3-50KL11R11002;RV;RV01;INVERSOR ON-GRID TRIFASICO 50KW 220V 4 MPPT AFCI - GT3-50KL11;UN;010108;07; 202,000 ; -   ; 202,000 ; 2.476.033,83 ; -   ;LIVOLTEK - VENDAS
GT3-50KQ1R11002;RV;RV01;INVERSOR TRIFASICO 380V ON-GRID GT3-50KQ1 AFCI;UN;010108;07; 266,000 ; -   ; 266,000 ; 1.745.588,90 ; -   ;LIVOLTEK - VENDAS
GT3-60KL11R11002;RV;RV01;INVERSOR ON-GRID TRIFASICO 60KW 220V 6 MPPT AFCI - GT3-60KL11-2;UN;010108;07; 175,000 ; -   ; 175,000 ; 2.132.654,32 ; -   ;LIVOLTEK - VENDAS
GT3-60KQ1R11001;MP;MP07;INVERSOR TRIFASICO ON-GRID GT3-60KQ1 (GT3-60KQ1R11001);UN;010108;07; 1,000 ; -   ; 1,000 ; 13.110,51 ; -   ;LIVOLTEK - VENDAS
GT3-60KQ1R11002;RV;RV01;INVERSOR TRIFASICO 380V ON-GRID GT3-60KQ1 AFCI;UN;010108;07; 124,000 ; -   ; 124,000 ; 768.551,88 ; -   ;LIVOLTEK - VENDAS
GT3-75K-11R11002;RV;RV01;INVERSOR ON-GRID TRIFASICO 75KW 380V 6 MPPT AFCI - GT3-75K-11-2;UN;010108;07; 61,000 ; -   ; 61,000 ; 765.091,58 ; -   ;LIVOLTEK - VENDAS
GT3-75KL11R11002;RV;RV01;INVERSOR ON-GRID TRIFASICO 75KW 220V 6 MPPT AFCI - GT3-75KL11-2;UN;010108;07; 195,000 ; -   ; 195,000 ; 2.350.411,54 ; -   ;LIVOLTEK - VENDAS
HP1-1K5L2R11001;RV;RV01;INVERSOR HIBRIDO MONOFASICO 1,5KW 127V 1 MPPT AFCI -HP1-1K5L2;UN;010108;12; 3,000 ; -   ; 3,000 ; 11.128,29 ; -   ;SOLAR DISAPPROVAL
HP1-1K5L2R11001;RV;RV01;INVERSOR HIBRIDO MONOFASICO 1,5KW 127V 1 MPPT AFCI -HP1-1K5L2;UN;010108;28; 4,000 ; -   ; 4,000 ; 4.025,63 ; -   ;CDS PROJECTS ENERGY
HXAP1000R21100;MP;MP08;MODULO DE COMUNICACAO WISUN HXAP1000;UN;010108;28; 10,000 ; -   ; 10,000 ; 12.428,26 ; -   ;CDS PROJECTS ENERGY
HXCB20R02001;RV;RV01;AC STRING BOX HXDB20-2P 20A;UN;010108;07; 34,000 ; -   ; 34,000 ; 4.301,25 ; -   ;LIVOLTEK - VENDAS
KIT-RDNT-V01;MP;MP08;PLACAS MONTADAS P/ MODULACAO CHAVEADORA REDUNDANTE P70, PARA ANTENAS PROPRIAS P/ RADIO(KIT-RDNT-V01);UN;010108;31; 10,000 ; -   ; 10,000 ; 105.678,48 ; -   ;PROJETO COPEL FASE 1
LHE12DRR12001;RV;RV01;MEDIDOR INTELIGENTE (CONTADOR DE ELETRICIDADE) LHE12DR (LHE12DRR12001);UN;010108;07; 132,000 ; -   ; 132,000 ; 113.100,81 ; -   ;LIVOLTEK - VENDAS
LHE34DRR11001;RV;RV01;MEDIDOR DE ENERGIA  (CONTADOR DE ELETRICIDADE)  TRIFASICO, DIGITAL, LHE34DRR11001.;UN;010108;07; 126,000 ; -   ; 126,000 ; 14.505,98 ; -   ;LIVOLTEK - VENDAS
LHE34DRR11002;RV;RV01;MEDIDOR DE ENERGIA  (CONTADOR DE ELETRICIDADE)  TRIFASICO PARA CORRENTE ALTERNADA, SMART METER DIGITAL MODELO  LHE34DR;UN;010108;07; 18,000 ; -   ; 18,000 ; 2.173,78 ; -   ;LIVOLTEK - VENDAS
LHE34DRR12008;MP;MP08;CONTADOR DE ELETRICIDADE INDIRETO TRIF. PARA INSTALACAO EM TRILHO MEDICAO COM TC DE 10A (LHE34DRR12008);UN;010108;07; 1,000 ; -   ; 1,000 ; 157,33 ; -   ;LIVOLTEK - VENDAS
LHECCHR11001;RV;RV01;DISTRIBUIDOR DE CONEXOES PARA REDES (HUBS), BALANCEADOR DINAMICO LIVOLTEK DLB EV HUB (LHECCHR11001);UN;010108;07; 6,000 ; -   ; 6,000 ; 14.884,46 ; -   ;LIVOLTEK - VENDAS
M0601000E2EYR11001;RV;RV01;CARREGADOR VEICULAR  LIVOLTEK  CC 60KW  MF  200A  2XCCS2  GESTAO DE CABOS  MCCB/RCD;UN;010108;08; 1,000 ; -   ; 1,000 ; 33.695,02 ; -   ;LIVOLTEK - WARRANTY
M0601000E2EYR11001;RV;RV01;CARREGADOR VEICULAR  LIVOLTEK  CC 60KW  MF  200A  2XCCS2  GESTAO DE CABOS  MCCB/RCD;UN;010108;12; 2,000 ; -   ; 2,000 ; 70.022,94 ; -   ;SOLAR DISAPPROVAL
M0601000E2EYR11001;RV;RV01;CARREGADOR VEICULAR  LIVOLTEK  CC 60KW  MF  200A  2XCCS2  GESTAO DE CABOS  MCCB/RCD;UN;010108;60; 3,000 ; -   ; 3,000 ; 96.229,39 ; -   ;SAC
M1201000E2EYR10001;MP;MP03;GABINETE DE CONVERSOR ESTATICO CA/CC TIPO UNIDADE DE ABASTECIMENTO VEICULAR MFDC 120KW;UN;010108;07; 1,000 ; -   ; 1,000 ; 16.099,61 ; -   ;LIVOLTEK - VENDAS
M1201000E2EYR11001;RV;RV01;CARREGADOR VEICULAR  LIVOLTEK  CC 120KW  MF  250A  2XCCS2  GESTAO DE CABOS  MCCB/RCD;UN;010108;07; 24,000 ; -   ; 24,000 ; 1.104.853,35 ; -   ;LIVOLTEK - VENDAS
M1201000E2EYR11001;RV;RV01;CARREGADOR VEICULAR  LIVOLTEK  CC 120KW  MF  250A  2XCCS2  GESTAO DE CABOS  MCCB/RCD;UN;010108;08; 1,000 ; -   ; 1,000 ; 46.035,56 ; -   ;LIVOLTEK - WARRANTY
MCPOLER101;RV;RV01;PEDESTAL LIVOLTEK CCS2 DE DOIS PLUGS PARA EQUIPAMENTOS MOTION COMPACT 2 PLUGS 370*722*330MM;UN;010108;07; 26,000 ; -   ; 26,000 ; 54.170,40 ; -   ;LIVOLTEK - VENDAS
MCPOLER102;RV;RV01;PEDESTAL LIVOLTEK CCS2 DE UM PLUG PARA EQUIPAMENTOS MOTION COMPACT 1 PLUG 370*722*330MM;UN;010108;07; 6,000 ; -   ; 6,000 ; 9.258,62 ; -   ;LIVOLTEK - VENDAS
MT00000019;MC;MT01;CINTA POSTE CIRCULAR ACO GALVANIZADO 240MM;UN;010108;32; 90,000 ; -   ; 90,000 ; 3.988,18 ; -   ;PROJETO CELESC
MT00000020;MC;MT01;CINTA POSTE CIRCULAR ACO GALVANIZADO 260MM;UN;010108;32; 72,000 ; -   ; 72,000 ; 3.215,74 ; -   ;PROJETO CELESC
MT00000021;MC;MT01;CINTA POSTE CIRCULAR ACO GALVANIZADO 280MM;UN;010108;32; 75,000 ; -   ; 75,000 ; 3.493,85 ; -   ;PROJETO CELESC
MXNTL4ANW53NNS3BESUN;MP;MP08;RADIO 330-406MHZ FREQ.LICENCIADA, TX DE TRANSM.ATE 100MBIT/S, (WIFI) GE, MCR (MXNTL4ANW53NNS3BESUNN);UN;010108;32; 4,000 ; -   ; 4,000 ; 26.665,81 ; -   ;PROJETO CELESC
PSD1000R11001;RV;RV01;MODULO DE COMUNICACAO PARA TRANSMISSAO E RECEPCAO DE DADOS EM REDES SEM FIO (WLAN) PSD1000R11001;UN;010108;07; 368,000 ; -   ; 368,000 ; 44.847,39 ; -   ;LIVOLTEK - VENDAS
PSD200R21001;RV;RV01;MODULO WLAN - WIFI + BLUETOOTH, 2.4GHZ 802.11B/G/N. TENSAO DE FUNCIONAMENTO 5V - (PSD200-F1);UN;010108;07; 14,000 ; -   ; 14,000 ; 814,09 ; -   ;LIVOLTEK - VENDAS
PSD300R21001;RV;RV01;MODULO DE COMUNICACAO PARA TRANSMISSAO E RECEPCAO DE DADOS PSD300R21001.;UN;010108;07; 84,000 ; -   ; 84,000 ; 5.669,26 ; -   ;LIVOLTEK - VENDAS
PSD300R51001;RV;RV01;MODULO DE COMUNICACAO (DONGLE) WI-SUN P/ INVER. LIVOLTEK,INTERFACE;UN;010108;28; 68,000 ; -   ; 68,000 ; 8.549,69 ; -   ;CDS PROJECTS ENERGY
SMI-48150A1F1;RV;RV01;BATERIA DE LITIO SUNWODA 150AH SMI-48150A1F1;UN;010108;07; 2,000 ; -   ; 2,000 ; 11.546,79 ; -   ;LIVOLTEK - VENDAS
